age,salary,education_years,shoe_size,department,is_manager,constant_feature,favorite_color,years_at_company,performance_score
39,104149.58298699588,11.05308381273528,42.86519532893197,HR,0,1.0,green,8,2.411422552349756
33,103639.34679651853,13.256613850942333,45.141006689129675,Engineering,1,1.0,blue,29,3.922702318524627
41,79898.40221435126,9.667982221849549,41.20064626302141,HR,0,1.0,red,19,1.2187760855981578
50,75867.27439182371,11.857108685802439,39.248528193592634,Sales,1,1.0,blue,5,3.430594639102652
32,102361.23447219653,13.962628255997561,40.54425246276822,Sales,0,1.0,blue,27,1.424678207162518
32,99316.55121711928,14.471423478597679,43.45453386707081,HR,0,1.0,red,0,4.222411665166329
50,101986.87321393412,12.852991637839377,42.34665901729435,Sales,0,1.0,green,27,2.7479036555416654
42,93493.3052059711,11.32190939358052,41.20480131901001,Sales,0,1.0,red,24,2.90922190925773
30,92187.68422372837,8.814797831312783,39.74700546318071,Engineering,0,1.0,red,4,2.27575079064232
40,73426.17355915578,10.484900577521437,42.542572243461066,HR,0,1.0,blue,2,1.4172927367277877
30,102945.27055598621,11.06145319049044,43.189012550547616,HR,0,1.0,red,3,4.26586043763205
30,84777.59137057631,10.604532433396772,42.511744110192055,Sales,0,1.0,green,0,2.828942491640707
37,,12.11910593662723,41.53333933769011,HR,0,1.0,blue,13,6.208768606708029
15,73610.85631162877,11.31622452765743,41.89328256859493,Sales,0,1.0,green,8,2.189818196940432
17,113072.1852814914,12.344242744670886,41.92168593311483,Sales,0,1.0,blue,29,2.3533058734174013
29,96184.4255582257,14.405254602095328,42.259393862435324,Engineering,0,1.0,green,23,2.102755885330027
24,73789.9566184071,11.187075557541277,39.411390097961764,Sales,0,1.0,red,3,2.823839440795313
38,70444.51062565982,9.23426604549155,42.454652701229755,Sales,0,1.0,red,17,4.575217907784427
25,76984.54478833594,10.59658480375025,40.91880706306761,Engineering,0,1.0,red,13,4.010137336773685
20,95864.02001586839,13.167176939946543,43.78123721201952,Sales,0,1.0,green,24,1.4954461664154006
49,97910.19503024853,13.355887569905347,42.545837283500546,Sales,1,1.0,blue,3,4.204120075797186
32,79831.01112301872,12.812170394032469,43.610958443645785,Sales,0,1.0,blue,24,3.6827912861211276
35,93439.10495141335,14.601474611776032,41.3964372259005,Sales,0,1.0,blue,9,3.4813878266518232
20,117015.87695991604,11.62727386024603,41.16857232477709,Sales,0,1.0,red,2,2.3157591665595714
29,124226.14443956662,16.104332296018647,44.86850249251267,Engineering,0,1.0,green,22,2.3900897013725846
36,97453.97786174592,13.636374272211814,42.89267037683102,Engineering,0,1.0,blue,6,3.137067233225601
23,,6.953025059584245,40.33097093518852,Sales,0,1.0,green,9,2.446837337971723
38,98604.42168055532,15.601317259927132,43.85394887724095,HR,0,1.0,blue,12,4.312631984089133
28,90600.84993014192,,40.793390533144255,Sales,0,1.0,red,3,2.404044323874341
32,64453.50438528233,9.931797621086139,42.391396275623045,Sales,0,1.0,green,17,1.0532356271717145
28,85281.97859764719,13.047542219665788,45.53334926171881,HR,0,1.0,blue,10,1.6985430566371191
53,50542.156057816894,8.523639055326912,39.497435224723894,Sales,0,1.0,blue,24,1.7620366271751344
34,87815.53145114951,10.609061537356773,41.628436156466925,Finance,0,1.0,blue,3,2.736651926376673
24,105050.53033928636,,42.59654328180406,Sales,1,1.0,blue,23,3.2160660335693243
43,82089.5085394944,13.112435157995005,43.68939666932935,Engineering,0,1.0,red,13,3.0538004366752913
22,114483.2401349858,13.62447956187844,39.25753218527826,Sales,0,1.0,blue,17,3.4609089976920204
37,63672.051451980034,10.686178799005052,38.968419462849965,Sales,0,1.0,blue,7,2.747719975949319
15,54804.156803044076,8.923260002063794,43.78149870398085,Sales,1,1.0,red,26,2.7830930052593637
21,93607.68185428198,13.413634858627468,40.27917028639232,Engineering,0,1.0,blue,9,4.75185997430202
36,107288.01147663403,13.860512312483902,40.49543498400537,Engineering,0,1.0,green,4,4.205357571260877
42,116568.87568835469,13.76998677216222,45.240499345544336,Finance,0,1.0,green,22,3.4083004819045644
36,80371.15143767309,12.418138460235731,42.15940462946365,Sales,0,1.0,blue,6,3.9166704756772273
33,96377.80304063701,10.06586351305586,42.11247645536315,Sales,0,1.0,red,11,1.0737848345063017
31,100048.99048584778,16.87553917611946,41.56040110969694,Sales,0,1.0,red,24,2.177461381084559
20,86289.31515879277,12.959574885968351,39.252035866513665,Engineering,1,1.0,red,2,2.5677964859945295
27,98211.57921276508,11.652226716821664,43.19139389878878,HR,0,1.0,blue,25,2.189234037980996
30,94768.14775130109,11.661101525033265,42.71890104385125,Sales,0,1.0,blue,3,1.4542626911914724
45,63251.70251367758,12.299194956147108,42.537382650678865,Engineering,0,1.0,green,9,3.42054380256579
38,114565.75481883631,14.139216524315962,41.82735392144749,Sales,0,1.0,red,3,4.38574775928462
17,107839.13905204448,12.379256246610906,41.05536070132343,Engineering,1,1.0,blue,14,2.9871902770006433
38,81767.63839804204,13.717026306894994,43.88496677909483,HR,0,1.0,blue,28,3.6481820456339866
31,92845.43912892038,12.302795375786415,41.63741387358781,Sales,0,1.0,blue,9,2.9574660460124362
28,92736.32944541879,11.775292217059238,41.73187792293222,Sales,0,1.0,red,20,2.558361190323261
41,93757.60884732894,13.282500786656778,43.17978630976754,Finance,0,1.0,red,29,3.919196559017723
45,81365.13889436147,13.206572067347594,42.615921861360775,HR,0,1.0,green,21,1.5718090591924259
44,74907.84476635829,11.66073176180969,45.46455211508088,Engineering,1,1.0,red,15,1.1365972540544342
26,81121.44718884277,10.501586084571482,38.29726644505339,Engineering,1,1.0,blue,14,1.5577001780895787
31,105641.30877733308,12.683457829480869,42.51981487673453,Sales,0,1.0,green,18,3.8535879782760882
38,94624.09433269204,12.156697337925188,40.648788439055664,Engineering,0,1.0,red,28,3.0872111068860875
44,77111.55474208387,10.890256574458485,40.29582693049014,HR,0,1.0,red,19,3.3765379792467867
30,92521.07776450439,10.315199034926406,40.985871587911305,Engineering,1,1.0,red,18,4.676922993457549
33,45734.71575391561,12.820951687788913,42.06935881696352,Sales,0,1.0,red,17,1.8366603254488487
23,106532.05584774772,13.100190114055389,41.95813815184682,Sales,0,1.0,blue,25,4.204170369163868
23,,11.279935770690278,38.725387568643015,Sales,0,1.0,red,11,2.603675585851371
43,77083.76366347547,10.84012592817415,41.077832340644356,Sales,0,1.0,blue,24,2.4516391247532616
48,298646.46886577684,10.339489621925619,42.82244310295292,Sales,1,1.0,blue,15,3.081220377251604
34,68873.30749905593,12.764509878289838,40.22613909843269,Sales,0,1.0,blue,0,3.2377362556798617
45,98588.53936883337,10.392045852718526,39.970432190566974,Sales,0,1.0,green,15,2.78945786042676
38,92431.28939444601,16.48226913804146,37.547735385014114,Sales,0,1.0,blue,1,3.610314301061632
28,88735.86961013475,11.179437128058005,40.53361310324928,Engineering,0,1.0,red,23,3.085243076811077
38,70744.90564957663,7.149571444254798,39.76074160209838,Sales,0,1.0,green,14,2.80066838324754
50,92974.58240857202,11.93965666674173,40.33213423377988,Sales,0,1.0,red,6,2.5837158642202187
34,86714.12748699101,11.853933040362396,41.43635939344069,Sales,0,1.0,blue,27,3.2383464657176493
50,73425.42804231658,14.223437135048377,41.1003422469142,Sales,0,1.0,red,0,1.6433421725538946
8,102672.75971207333,12.576252473455408,39.127524212281386,Engineering,0,1.0,green,4,1.925536170020012
43,73590.6401519415,10.332329633120395,37.928316869533546,Sales,0,1.0,green,9,2.6325499308038185
35,60932.92027912308,11.427216253006447,42.60462261029529,Engineering,0,1.0,red,21,3.544875059689589
32,81542.79121541724,12.654839543301975,43.445654427616944,Finance,0,1.0,red,20,5.142850123724857
35,95523.11135765219,7.670571499379179,41.20651004201125,Engineering,0,1.0,red,3,2.840674364116397
15,106785.05653804509,14.677243468780901,41.06844860709145,Engineering,0,1.0,green,13,1.225768708664237
32,75783.19866905412,10.337660228390671,41.94562103137224,HR,0,1.0,blue,12,2.2097524903677006
38,89263.39736090926,14.834087641895234,45.21756715322451,Engineering,0,1.0,red,0,3.65889184959223
49,83530.26507849878,12.784930282253177,39.14458441234846,Sales,1,1.0,blue,15,2.0297178910510523
29,120928.78457177646,13.259188272787949,41.05102054825486,Sales,0,1.0,green,22,1.694254742121556
26,98625.57239948094,14.298846872002544,38.376054071734565,HR,0,1.0,red,8,3.6536689016140786
29,95889.41702402104,13.146264105384997,42.60463691747112,Sales,0,1.0,red,21,3.464880060892913
44,105491.56910838233,13.345772432634902,41.89208321242398,Sales,0,1.0,green,15,1.5274592572432035
38,88595.33874262942,11.671167119077237,42.465984225872155,Engineering,1,1.0,red,18,2.105006654544319
29,84347.37990152201,12.74433736294419,42.186245125182154,HR,0,1.0,blue,14,4.244670176817495
40,79529.76537389487,10.825004370056513,44.081416507407035,Sales,1,1.0,green,25,3.8528442700943413
35,82865.51451126124,11.313177800824064,43.07626592913693,Engineering,0,1.0,green,13,1.8026284841988223
44,97229.83674016583,15.929390095937817,43.84101591532018,Sales,1,1.0,red,19,1.0111106450882148
27,92065.28164425217,10.383612829899157,39.70893062020612,Engineering,1,1.0,green,9,3.2685179158608717
31,87705.09104692718,12.308634253272562,44.30634172995029,Sales,1,1.0,red,20,2.70393200476127
31,97670.41537852655,12.226938073430953,40.475274521022,Sales,0,1.0,red,11,3.1817418967270714
20,82924.72446768646,11.378491056438401,40.370260914752045,HR,0,1.0,green,27,3.6346619438439385
37,90265.93347416399,13.028801873140875,42.58168515470599,Sales,0,1.0,red,0,2.043730582603978
37,59565.322288466676,13.179444185482765,42.64383652609855,Engineering,0,1.0,blue,20,2.5678544734141013
35,94190.00002165174,10.148361633704841,39.856286395535044,Sales,1,1.0,blue,16,2.100941476294201
32,91805.4674077492,12.202713423093103,41.5934414164522,Sales,0,1.0,red,8,2.1367649670195097
20,94475.94761526064,9.835265322455285,44.67647063373896,Engineering,1,1.0,blue,22,3.56475919332443
30,47287.461036998466,13.577097236634602,38.96332687693181,Sales,0,1.0,red,18,3.144068581344415
31,118384.54443388667,12.35297462072525,44.89043848202545,Sales,0,1.0,blue,24,1.4370582298892633
26,84400.1348979749,12.164659773434174,41.33660309716702,Sales,0,1.0,green,17,3.725103641916512
33,106576.93034429717,13.318062697744807,37.284490333129696,Engineering,0,1.0,red,27,2.6499299254218007
39,68748.34935030663,11.448979419063198,39.34653653303418,Finance,0,1.0,red,6,3.771165406827922
53,100675.74033124777,13.828043918436409,40.43304492452961,Finance,0,1.0,red,8,1.9852619540537624
36,64508.09731585834,10.103110254487728,40.77214139843452,Sales,1,1.0,red,21,2.0743119813023694
37,85114.72470293009,14.823753037789055,41.83057348274932,Sales,0,1.0,red,25,3.251712298106668
34,,10.898177634890292,36.57303974047685,Sales,0,1.0,red,20,1.9035399118303251
15,72962.68958237628,8.607641864608825,41.97360878495531,HR,0,1.0,green,11,2.725118829258234
34,87290.28364691944,11.342930183074536,39.86981898335023,Sales,0,1.0,green,6,1.7899265376407258
35,96399.20677680607,11.116063605491583,44.781045143202114,Finance,0,1.0,blue,13,2.60863026692835
59,91418.78440268885,11.327852027699928,41.939646558512045,Sales,0,1.0,red,14,2.9681457681951025
33,89646.17167005755,12.463296030967966,43.84569234346546,Finance,0,1.0,blue,14,3.0152579349007587
38,98061.469202323,14.195684721776544,44.280697959828586,HR,0,1.0,blue,5,2.635252728733651
34,120900.9982951913,11.616588172205727,44.14654648693243,HR,0,1.0,green,20,3.333350300318138
23,80986.01262558282,10.6167648603622,40.62718651407503,Sales,1,1.0,blue,13,3.147799045512038
46,82257.20482702173,9.746906375432406,41.06159968455735,Sales,0,1.0,green,1,2.9106333362631966
42,98950.71919225992,11.06363441738191,41.69005340142337,Sales,0,1.0,blue,7,2.3741494672888956
42,91255.93995886765,8.224350321499294,43.41247475075785,Sales,0,1.0,red,12,4.068243749578508
25,99454.65602230754,10.549733812967277,40.77860946049167,Sales,0,1.0,blue,22,3.386287208232594
49,103045.27670561089,14.488107791724373,42.04147505281951,Engineering,0,1.0,green,5,1.9638911361080045
20,63914.77108157221,10.353281590843155,42.2471876326789,Sales,0,1.0,green,4,3.6488838756904927
40,114273.76814931828,13.25743172160061,40.29021614790427,Engineering,0,1.0,green,4,3.875493636952676
56,61445.926565868736,9.54703582038302,40.48378342334177,Engineering,0,1.0,blue,24,2.9184352407078227
25,101166.10737444882,15.542191798621108,41.48347223719202,Sales,0,1.0,blue,0,2.984912673925394
29,85711.5026480979,15.67521346612942,41.82835762990329,Finance,0,1.0,green,8,0.941129320616787
35,88584.05414046437,13.182043113119752,42.867770960003284,Sales,0,1.0,red,5,2.156558923343275
29,102878.95176441333,15.982505203287044,43.22377314990312,Sales,0,1.0,red,19,3.843694416352654
19,92955.11608132007,12.711585949855325,39.4818743588567,Sales,0,1.0,blue,25,2.2173768017974598
35,96939.91399842661,13.537034228299111,40.37583013611287,HR,0,1.0,blue,29,2.8401580778186246
24,117777.27229626891,14.523867753463069,39.8384954248738,Sales,0,1.0,green,6,2.1413798699342337
39,93881.3252413004,12.359436906196898,44.90489480318284,Sales,0,1.0,blue,8,3.2308155848317304
25,73023.3857011299,8.895245076829877,41.55945881959492,Engineering,0,1.0,blue,4,3.3937425551428917
50,105195.08765573174,13.577926710468795,42.33225859049004,Sales,1,1.0,green,13,3.4204746617351827
27,101010.89976726883,11.056280811133073,41.955548728027026,Engineering,0,1.0,green,4,1.860639040393299
31,65200.70384721235,11.20494035808908,40.488659972564726,Finance,0,1.0,blue,7,3.1067021068365532
43,96748.37054662002,12.59578983295738,45.28853903789206,Finance,0,1.0,red,6,4.57656976132189
22,99915.27641296771,13.132561759434742,42.562053309637456,Sales,0,1.0,blue,12,3.748488738484661
37,82437.35525363742,12.300269268012435,42.1191810595559,Sales,0,1.0,red,12,3.093331236091089
48,110449.97941661815,13.271459072314617,40.04948715769886,Sales,0,1.0,red,7,1.0690256581289597
18,79508.02339015092,10.586285731879608,39.33613501668751,Sales,0,1.0,red,10,2.7506435218902054
36,87627.42403373343,11.914592410553434,41.402184936788466,Sales,1,1.0,green,27,4.64636558064761
37,88498.43533844718,13.698170900901742,40.64001641285634,Sales,0,1.0,green,25,4.318606836013099
42,96870.4327723423,15.545582352873431,40.0051113089069,Finance,0,1.0,green,17,3.4614183247864623
22,82314.48723041122,16.252871177946417,40.99808396085689,Finance,0,1.0,blue,24,2.2806695879052117
21,66997.09685745196,12.865953365455463,41.28714394344822,Sales,0,1.0,green,18,3.0522789824454506
40,114957.63490884822,13.680019653491215,42.38357084092054,Sales,0,1.0,green,5,3.7734808333855256
37,85185.05476411623,15.963158329630382,41.03216105725147,Sales,0,1.0,blue,21,3.940539193629264
37,67104.09853775443,10.65832792653301,40.02479861067994,Sales,0,1.0,blue,1,3.3126203056458294
38,57477.34741221978,13.259399705425167,40.11415822801751,Engineering,0,1.0,red,27,3.85503968271765
28,81025.63148157434,13.536685898972292,44.285945458452375,Engineering,0,1.0,blue,12,2.9413074203371603
37,74840.82171534799,14.895722872153488,39.536484627276515,HR,0,1.0,blue,22,2.8970933369093346
37,103807.3791188282,9.725717238927555,42.76636459658254,Engineering,1,1.0,green,24,2.541084978227998
27,95510.82163733641,10.121188432398966,42.879092659548796,Engineering,0,1.0,red,27,3.4245368323683314
53,75806.03808896238,12.042764422209412,42.11744904832866,Engineering,0,1.0,red,25,4.000340272233822
39,122052.90305409445,12.755455324643272,45.61565811681036,Sales,0,1.0,blue,10,3.7084438707354854
23,107463.66602727675,14.245727907467614,42.76343798605539,Engineering,0,1.0,green,0,1.7819635186478904
41,84232.7919022443,13.035087551624542,45.805806096609295,Sales,0,1.0,green,23,1.8355256848271235
25,47600.4348962347,11.697173539779433,40.497871996170254,Sales,0,1.0,green,1,4.103639883512464
42,122862.90725739796,12.83292288951228,40.872109180213165,Sales,0,1.0,green,29,3.1765728137844422
46,66962.67985619277,12.602088952548904,43.27507431736003,Sales,0,1.0,blue,16,3.215648151476659
26,71789.11737557335,15.490032859975576,41.2970687253616,Finance,0,1.0,green,7,3.193114633690025
44,102332.5101415558,12.331317887137065,45.55133084978404,Sales,0,1.0,red,1,4.751639501573564
39,120297.78561377371,11.233833172894872,42.76340076726187,Sales,0,1.0,red,5,2.5537151818440806
43,109461.74645808875,12.89921806014366,40.07085156028656,Sales,0,1.0,blue,21,4.116634135676143
53,95649.54871681659,12.396970638677065,38.88636718291195,Engineering,1,1.0,green,4,3.233607024320167
32,85495.35499093126,8.858013288650657,41.78352281531347,Sales,0,1.0,green,15,1.3994870207349472
27,98707.3210119716,11.968695876755662,41.661753740933534,Finance,1,1.0,green,7,2.175147719987382
26,96779.49937436545,11.798523509187989,42.447531846616776,HR,0,1.0,green,18,2.392969416304055
26,86954.64016486474,10.912256268441368,44.24138114751181,Engineering,0,1.0,blue,15,4.093108014466117
34,93776.51628501597,14.071166575245945,44.13822660798785,Engineering,0,1.0,green,12,4.227297806792577
38,80347.02550183519,,40.90219793532714,Sales,0,1.0,blue,25,3.3538538507783398
37,77424.2428841471,12.911237239049077,39.45236119639116,Sales,0,1.0,green,19,2.477226720318704
43,80902.731847936,11.704286000312539,39.69175772998186,Engineering,0,1.0,green,6,2.0890188839497625
35,61251.81782094991,12.215390011293564,40.52639658935724,Sales,0,1.0,red,15,4.137581018661601
49,86995.62334435395,12.823572582091733,41.54653690392196,Sales,1,1.0,blue,22,1.7154475910839424
32,63325.68708939022,9.384851232217997,42.55012427793033,Engineering,0,1.0,red,15,2.8961097157523836
62,70596.12559217213,12.383321783469565,40.93806480620804,Sales,0,1.0,blue,28,5.364471210320007
41,102432.09720558142,16.577894979426414,42.680783942226626,Finance,0,1.0,green,11,2.480212811962347
26,97539.45421989665,8.886473308242552,42.5440802917181,Sales,0,1.0,green,13,1.7283017703208865
24,99429.10130774167,11.88478407256899,42.06668776519178,Engineering,0,1.0,blue,23,1.2345419747018214
39,69181.92689459526,14.24647864964764,39.82275400597461,Engineering,0,1.0,red,17,5.404004422830699
32,72965.29343916652,12.603238495907194,42.875653450471916,Engineering,0,1.0,blue,26,3.3486270994555465
42,104239.36953251943,13.375933904232067,46.30253925753345,Sales,0,1.0,blue,27,2.1309243913985547
39,57008.69303036966,7.248667977814768,42.57179365382581,Engineering,0,1.0,green,17,2.8108633808515826
100,86219.99899782432,13.1964987492599,37.39384979869746,HR,1,1.0,red,15,2.3370441822403514
26,89680.65224796669,10.476623587532803,44.30175914409381,Sales,0,1.0,blue,19,1.136443959707193
19,73334.09688454436,12.619754569166293,40.27450444660123,Sales,0,1.0,red,15,3.788117433453787
30,87404.02420673246,11.941130538181017,46.431425380991385,Engineering,0,1.0,red,12,3.033812822394808
43,79659.61575119673,16.556666058323266,42.392726902731916,Engineering,1,1.0,blue,25,3.7049837787179394
37,80259.65728332705,13.09339064753175,38.67059861202835,Sales,0,1.0,red,28,3.006550486825844
22,90120.98603656134,11.774752341474429,37.610605020082495,Finance,1,1.0,green,8,3.1312452357985503
36,53046.93744150363,8.980614481492891,45.09948152535176,Sales,1,1.0,green,25,0.765177617960755
38,93334.00248050535,12.242293803699793,44.27180997183455,Sales,1,1.0,green,27,3.9078477520073283
26,90644.80628618073,13.646457756693646,46.272037771533384,Engineering,0,1.0,green,8,1.9116902476367312
36,93804.03796534188,11.838896216361555,42.04184897114711,Engineering,0,1.0,red,12,2.167916423085533
35,86324.77385134528,10.988687280125118,41.88694023324064,HR,0,1.0,green,28,2.472127695495984
23,103026.58646652974,10.854826672307363,40.994562415682886,Finance,0,1.0,blue,3,0.941316427574515
38,91089.21615245054,13.070282870910642,40.74341951748156,Sales,0,1.0,green,8,2.4174434921366514
40,84115.24451897615,13.518775878618314,41.31514089108437,Sales,0,1.0,blue,14,2.3478158882632707
45,96001.72323741097,14.722420230642237,42.63492666464806,Sales,0,1.0,blue,13,2.622166531067328
45,88179.47107628366,10.010000213579284,40.5121984261758,Engineering,0,1.0,green,18,1.2988204827596208
21,89888.76640539127,13.051955116835234,38.38142130625203,HR,0,1.0,green,11,3.9277088835613054
25,85878.65164155103,11.756592091164265,42.119753268028354,Sales,0,1.0,red,20,3.3980565781955727
40,,11.815531590733439,40.36760880261314,Sales,0,1.0,blue,25,2.1359598046409642
40,78467.44136093979,12.803651708068003,35.621124550119866,Sales,0,1.0,green,24,2.4184535877128495
40,67406.85844475428,12.815312507249894,43.20513478131402,HR,0,1.0,red,5,3.838148328773099
73,115416.25978255353,13.057536211583146,40.543881923765944,Sales,1,1.0,green,2,2.7425249688797804
40,60997.224315955864,9.88505761560838,43.42357890938147,Sales,0,1.0,green,25,1.7594641707962633
46,71107.55359006263,10.500377185667082,43.49569621303196,Engineering,0,1.0,green,24,2.9164081299151245
44,84139.10066956814,14.971736551035368,42.747180023045665,HR,0,1.0,blue,21,1.9121569682084365
41,98100.43084928158,11.55885506503832,47.11363568071299,Engineering,0,1.0,green,19,2.2921268258775274
31,,12.612028796035792,41.643896300055246,Engineering,0,1.0,red,15,2.9493759009774103
42,111044.12896236512,14.109332624086372,41.568720865002824,Sales,0,1.0,green,29,4.055211464905659
27,78678.29907050688,12.926886144721637,43.20734484283384,Engineering,0,1.0,green,19,5.023324744230083
32,93464.04821918927,13.093045261944079,41.82910527577241,Engineering,0,1.0,red,23,4.362615621382305
30,78837.26027656617,13.789155358487513,44.22098707478802,Finance,0,1.0,red,22,2.9281437611976022
35,105477.25435121883,7.766672478206,39.462388184848955,Sales,0,1.0,blue,16,5.257349801192177
58,65246.32278359411,11.020099689678931,39.95565110507132,Sales,0,1.0,blue,15,3.5582693443682882
16,93458.94543240295,12.937211592999184,43.15161898265243,Sales,0,1.0,blue,5,2.0203114606862678
41,103832.51905632742,14.775288614115315,39.79037812132279,Sales,0,1.0,blue,7,3.094549852322857
18,92603.55981970712,12.132191119311546,42.878197212885425,HR,0,1.0,red,18,2.3430833531241237
30,78152.3863462978,10.310567076487809,42.64000569242073,Sales,0,1.0,green,29,1.7520940736721153
45,79144.17320633559,10.363827900778995,40.811023427944676,Sales,1,1.0,green,24,1.8257762225417902
35,91960.33930040509,13.767722406906149,42.73434032046687,Sales,0,1.0,green,25,2.8527658218255576
24,82488.32848122134,11.564452835216226,39.31081510843152,Sales,0,1.0,blue,1,3.7542059906134075
27,100414.98647718164,11.985599908419326,39.8402001474726,Sales,1,1.0,red,13,4.068203255795901
41,122848.02618650417,13.230060387544638,41.64562452317587,Sales,0,1.0,red,21,1.7552820833086191
27,60228.48112872102,6.196952634612842,41.99785563814444,Sales,0,1.0,red,11,2.6967413175789128
37,77455.16037536232,16.000735023016162,41.43272292602428,Engineering,1,1.0,green,16,3.4865906797350568
35,80289.32626442482,10.537852329897877,42.86623192774622,Engineering,0,1.0,blue,27,3.15185859575161
28,126147.25828165619,12.483872738947143,42.63693283009658,Sales,0,1.0,red,26,3.694546367046896
56,63716.69939947641,8.590605973007458,45.47873361669629,Finance,0,1.0,blue,14,2.565306295219143
41,108051.50541923079,11.154917779189924,41.92942930570999,Engineering,0,1.0,red,17,4.272915235105162
14,118633.64048933721,14.489376092730193,43.969126862368256,Engineering,0,1.0,blue,15,2.995757978190961
36,66199.17329638482,8.167665640668243,43.86145102578779,Sales,1,1.0,red,12,3.7577241357212072
28,101291.94671091397,14.252400174378282,46.4479545665863,Sales,0,1.0,blue,20,2.619226285392897
43,108783.77276953377,11.452607807535232,41.90548396019545,Sales,0,1.0,red,16,3.0583909435385075
27,83236.07052650885,12.974328880440384,40.99928255709403,Sales,1,1.0,red,7,1.4039741485715245
33,86891.44107937523,13.315048826970221,44.475388444487464,Sales,0,1.0,blue,0,2.163244729958029
40,79923.3152877159,12.88284299898185,42.870865143482526,Finance,0,1.0,blue,28,2.792536311467079
43,65588.94512982204,10.270098696738348,44.7233184335678,Sales,0,1.0,green,24,3.1000615432670315
22,74073.54194479976,11.270901706929953,43.173597595979004,Sales,0,1.0,blue,25,5.681201551181571
31,58871.55893506126,9.076887645498369,37.70647581720101,Engineering,0,1.0,red,26,2.6181000071737874
30,89462.03001341686,12.98359266317616,42.652643554062365,Sales,0,1.0,red,2,1.6233597679992753
28,84662.73245821593,15.404110308031852,42.482431795902976,Engineering,1,1.0,blue,15,4.702484719454923
52,78560.14335680244,8.351118226647074,42.60621380492793,Engineering,1,1.0,green,27,4.078837751028432
39,58091.68987011738,10.47670818772393,41.815513891753234,Engineering,0,1.0,blue,1,1.843487796594137
22,89872.55182791926,11.636449448234133,38.55571294441135,Finance,0,1.0,red,14,3.465262069879309
44,99542.9829664152,12.34668284742711,43.928353834476646,Sales,0,1.0,red,0,3.8352064233295167
56,61369.02317003473,13.758352602868852,43.16753685618699,Engineering,0,1.0,green,8,3.1638251134997164
45,90697.64866556758,11.695600039284667,44.40391339479485,Finance,0,1.0,blue,15,3.3258219203978423
19,,11.368082547108699,38.602488951449494,Engineering,0,1.0,red,3,2.3677438317408797
30,74474.16895605036,14.206261412139481,42.91426897909054,Sales,0,1.0,red,11,3.503789332222407
47,115060.55920494537,13.32399113412661,41.770681324906874,Finance,0,1.0,red,0,2.5086457204188046
27,95519.15299469727,13.077955951402197,42.12757601985106,Sales,0,1.0,blue,0,0.354605854305972
39,76099.91643315255,12.225031423176228,41.633680731638215,Finance,0,1.0,blue,6,3.19626597206611
42,91062.37710065357,13.966304421839718,43.227215854960264,Sales,0,1.0,green,17,1.3240506854523382
25,90437.04734044423,10.687381217539468,41.474253758016836,Engineering,0,1.0,red,22,4.013494163457727
34,82383.9151780697,10.414611435627844,39.876170149888615,HR,0,1.0,red,27,1.8691798565647668
2,98557.94580791148,13.492201973738648,41.51285083757239,Sales,0,1.0,green,22,0.5469957910796324
24,62439.68028832806,8.749928061506184,41.351650925729,Sales,0,1.0,red,14,1.230708839143687
32,89093.4894183601,12.184359019272975,41.77321275774223,Sales,0,1.0,green,25,2.9585233417114147
22,62894.932432850226,11.366883295474976,35.36437704791972,Finance,0,1.0,green,29,3.186507812240069
51,75897.08069585176,9.188490538694088,43.68527216713741,HR,0,1.0,red,24,1.5873631836896007
20,66853.77989973057,10.137464840567471,41.07067276530644,Engineering,0,1.0,blue,12,1.9276117452577193
30,74313.1943073814,11.782047815409301,39.20369285196347,Engineering,0,1.0,blue,15,2.9919311121136185
36,110745.17716715069,14.067926512998046,43.86512703369629,HR,0,1.0,blue,6,3.9722277579706313
49,98451.90386136717,10.694084017484379,43.552731455505864,Sales,1,1.0,blue,15,1.7899178192621121
20,102417.36021303761,14.426762799809987,41.04535960745029,Sales,0,1.0,red,12,3.3791752625178946
46,69994.38389525042,12.126358455113033,39.91566124095996,Engineering,1,1.0,green,13,1.2613093710208554
35,89116.1814675978,14.620769404339942,42.35606146935874,Sales,0,1.0,green,16,3.3158887367045335
25,100569.51584700747,10.791016782439904,42.04621216917521,Sales,0,1.0,red,11,3.7557920810559433
39,87832.89617596637,11.902380823789263,43.928668565983564,Sales,0,1.0,blue,28,3.524206610722506
36,123000.84471974739,12.736967206673992,41.132528970279026,Sales,0,1.0,green,23,3.994397780687697
28,90822.7048144665,11.640979074516977,44.24984426972999,HR,0,1.0,red,23,3.927742400528843
35,94598.88163022188,13.906048294290471,40.919493993328466,Sales,0,1.0,red,19,4.8469318159501205
31,68117.87068522089,7.584872549419468,39.22833643091516,Engineering,0,1.0,blue,12,3.1086184190590864
36,102537.54680447388,16.84481107757988,39.75543448904544,Sales,0,1.0,red,23,4.849891385697044
41,88859.60009626282,13.715549213990323,41.99517692172876,Sales,0,1.0,green,19,2.0559009099134173
50,95580.43917611876,11.652936341929967,42.16897098188253,Sales,0,1.0,green,14,2.7946582562785256
22,97036.6047104547,10.895356652845312,42.395722281501556,Engineering,0,1.0,red,23,2.884996826959933
56,69011.63442368942,10.26715877710289,42.23925193776312,Engineering,0,1.0,green,20,1.957215540809838
15,69905.19854165174,13.291230948339473,43.55463703212866,Finance,0,1.0,red,3,0.6393411327858805
33,64426.80941620468,13.989963337584708,41.43781180307485,Engineering,1,1.0,green,21,3.8692983618116505
40,92644.71313490876,11.674947743740201,38.10744747025717,Engineering,0,1.0,blue,1,2.0700658460973416
37,76091.44338526292,14.213980825957005,41.79780662306841,Engineering,0,1.0,green,27,2.5991709927170543
28,48263.080825146026,10.185479906477756,37.84644262446704,Finance,0,1.0,blue,17,4.584585264770695
32,85325.81396804344,9.832378300026328,42.48278196199539,Engineering,0,1.0,blue,1,3.5720850754728115
30,134275.03999296515,15.626682410491098,44.01438599796983,Sales,0,1.0,red,24,4.740211454735027
29,89455.58800813285,13.182217227077086,39.90755102743496,Engineering,1,1.0,blue,14,3.120531034096273
43,106958.4508276546,14.793696403626656,44.9971133727837,Engineering,0,1.0,green,29,3.555492727297709
38,82103.80212788732,10.292120583224614,43.74566248945686,Engineering,0,1.0,green,25,2.7593284424997497
28,78975.50285152048,10.15294921646254,44.27296031083011,Sales,1,1.0,blue,18,2.1513037012234784
43,97634.49132807128,11.282781361084915,42.53912771286926,HR,1,1.0,red,14,3.551792954135312
38,76701.52878793616,10.351882316921976,40.07446964849636,Finance,0,1.0,blue,25,2.56409879016951
43,94243.07597244925,13.410730420456902,43.72163085562827,Sales,0,1.0,green,19,3.6445219662437243
41,86318.71075138153,10.49774788614711,40.87079818646332,HR,0,1.0,green,9,2.429530982011781
26,68948.62404695053,9.656660283865419,42.05576901220671,Sales,0,1.0,blue,27,2.824616747314483
29,101732.72771657925,12.284030824510465,41.53729801439277,Sales,0,1.0,blue,23,2.9047174946994243
42,75635.68659461758,9.420027648349574,44.389391713593795,Sales,0,1.0,blue,19,4.076965025045659
41,63867.03901875499,8.401072137049221,43.580654011846654,Sales,1,1.0,green,10,2.575651358774263
39,104149.58298699588,11.05308381273528,41.818868403375255,HR,0,1.0,green,25,4.186990119592618
36,62027.66001507318,8.50155991397958,38.1167856129197,Sales,0,1.0,green,9,2.095148259599399
47,91074.39373830946,13.550558792590845,40.9695450669416,Sales,0,1.0,red,28,3.2698575916696067
29,77491.21269282018,9.209332547494409,43.288444578968836,Sales,0,1.0,green,22,2.312399372411211
40,88844.39076895519,7.518652427160505,42.66022052209317,Sales,0,1.0,green,4,4.11574582223971
32,91357.69359235454,11.412406699718412,38.93355613117428,Sales,1,1.0,red,8,2.1813365044644795
32,86492.16263860176,12.289189006592968,38.32682405506222,Engineering,0,1.0,red,19,2.283267256177832
45,101215.34487009596,12.982950127363882,42.591018300314914,Sales,0,1.0,red,18,1.74369756650476
43,107885.20742935482,12.344031398031706,40.045885664568445,HR,0,1.0,red,12,3.1030406144860216
43,88011.27886857148,9.881374757764515,40.23840707832484,HR,0,1.0,red,17,3.59104870484935
48,90433.65638321033,13.426122361853208,43.60521545756531,Sales,0,1.0,red,16,3.483129183690797
35,72083.28755362608,13.920277012959492,44.404477560831346,HR,0,1.0,blue,26,2.855762040062945
41,62788.72228313618,9.588475743088923,40.6185959459274,Sales,0,1.0,blue,5,2.3394588684626823
31,80335.5926027223,11.637987722680773,41.83047938477566,Sales,0,1.0,blue,9,2.7213200822921038
38,75210.67680495663,11.451119945781961,41.91150666803128,Sales,0,1.0,blue,1,2.759470477064797
33,84517.71995194652,12.440763165576067,41.63159179060697,Sales,0,1.0,green,23,3.252610427422
35,85620.20612281196,11.590152416451783,42.081196952312595,Engineering,0,1.0,red,5,3.1838528104732244
40,93538.1246829131,11.864244455854047,43.61299785568031,Engineering,0,1.0,green,27,4.7397190745843485
26,88793.41151056378,13.283631060483382,40.47215130654081,Sales,0,1.0,red,27,3.039636065081483
55,86614.40605978623,9.772293800797733,39.34944493096786,Engineering,0,1.0,red,20,3.36080096846521
24,91391.35503371674,13.47474627052165,45.160019867207524,Sales,0,1.0,green,12,3.071455806405262
22,63214.79789387943,14.282265463062501,43.9188438489801,Engineering,0,1.0,blue,17,2.6732664400346704
46,81714.7790536519,15.268269986977737,40.012724257501205,Sales,0,1.0,green,6,3.3540745010139457
42,70978.48271935161,7.713265351725282,42.41126401755191,Sales,1,1.0,green,1,2.5793394060515817
41,66757.16891469207,11.634196685769563,44.14140432917222,Sales,0,1.0,red,28,2.941782748712649
41,83208.32750382154,8.069798851292822,43.61808788905208,Sales,0,1.0,red,13,4.159268538477703
34,94350.88034651852,7.1298726204543525,42.90402661985857,Engineering,0,1.0,red,4,2.5146405717075213
26,105145.98606110462,12.288186095214957,41.479546216816516,HR,1,1.0,blue,17,3.3873439357530675
35,80403.44617894471,11.201696414299276,45.454607850123914,Sales,0,1.0,green,10,0.5186508975137363
28,110159.99776337377,12.599701903541494,42.30171774491892,Engineering,0,1.0,green,9,2.8146560893431176
44,91146.77799855557,12.972255380174632,41.15008148135862,Engineering,1,1.0,blue,10,2.5078812703084834
33,88431.08618187693,14.495791916215842,43.702151457691194,HR,1,1.0,green,26,3.12026043430231
26,77122.48259872058,12.10784085061156,42.01211728390284,Sales,0,1.0,green,1,2.763763223668054
31,99003.08840659261,17.846711234638175,42.61959545450725,Sales,0,1.0,red,14,3.1415177750743806
39,82015.80685179285,12.612819709970426,42.48629840318241,Finance,0,1.0,blue,6,2.621333713972049
29,99611.11760303559,15.684958089134422,42.873551147533824,Engineering,0,1.0,red,8,3.386334699115845
26,74411.58291260248,7.3343243989515035,39.86308749320158,Sales,0,1.0,blue,4,1.2853579985131105
37,94144.12747960497,14.69947905910125,39.137787225659984,Sales,0,1.0,red,6,3.111412296080429
37,91469.50960742189,11.63847902040888,44.90826544646717,Sales,0,1.0,green,19,2.0629207501834252
29,92169.6105652315,8.103305481145457,42.37916912357834,Engineering,0,1.0,blue,1,4.167866543274068
30,102766.58268698858,12.84109021845624,43.441694554817154,Engineering,0,1.0,blue,2,2.0467860141200376
37,61908.797245345544,11.394088924031365,38.52048155964474,Sales,1,1.0,red,1,3.9952206840200453
20,51171.50246715953,13.160106496896285,43.83336621742901,Engineering,0,1.0,blue,20,2.988467358805268
20,106081.25741389557,14.022152915102156,40.65702870928847,Engineering,0,1.0,green,21,1.171237176844706
27,56561.91882319911,9.021699766476807,40.22756366638191,Engineering,0,1.0,green,22,2.123732650818876
32,,14.029837964910316,41.813253664736024,Engineering,1,1.0,green,18,3.847801024129319
38,68487.1815144339,12.012958968441433,40.10403957891495,HR,0,1.0,red,3,3.7910088248495883
49,67087.34048445933,14.705682349386546,42.276536603548784,Sales,0,1.0,blue,23,1.7006492272695848
43,92891.05154908462,11.589703542004264,41.88732330597102,HR,0,1.0,red,19,4.562855725642585
33,94564.87404935117,11.059182214937158,44.080791810467765,Sales,0,1.0,green,6,2.975435792990116
34,77514.66823323292,12.054108081377903,45.00668900427893,Sales,1,1.0,blue,27,3.8848456542009613
24,47745.529856105466,12.203721412759705,44.74303158568317,Sales,0,1.0,green,21,1.7881586504568496
34,73829.62446726234,10.674430397016529,37.45097004120776,Sales,0,1.0,blue,6,2.544050983826936
32,88899.23169530649,11.007390538089432,40.069666340313425,Sales,0,1.0,blue,16,3.415904270257855
38,56455.07326130533,9.546248930972421,37.51022647235528,Sales,0,1.0,red,18,2.6868365470043694
26,86142.52825794616,11.13070982041961,39.43291545112994,HR,0,1.0,blue,21,0.0792089555292459
40,89828.21262239054,13.352620119995159,40.80096357819234,Sales,0,1.0,green,15,2.8092176630071446
50,93865.24745057945,11.725291652187712,43.12112323045388,Engineering,0,1.0,blue,2,1.0353018555744584
33,93848.09730249626,14.018130592094657,40.92013353101492,Sales,0,1.0,green,14,1.929307458409475
39,70291.38908085824,11.629141064693853,41.095859858102706,Finance,0,1.0,red,13,1.5971322072544882
41,95359.46453862748,9.136964004553372,42.48352936639952,Engineering,0,1.0,green,14,4.132555457083205
30,87205.70572993494,13.194549775113165,38.48138070958438,Sales,0,1.0,blue,13,4.446355104943822
37,81548.69306115061,10.652753717933194,40.36281369407227,Engineering,0,1.0,green,6,3.3415639317508092
35,70600.77688132085,11.533265422472931,40.99288674836526,Engineering,0,1.0,green,24,2.7699312980278057
35,86776.19851703205,14.475144094968234,41.59519602273731,Engineering,0,1.0,blue,2,3.028338779483595
27,65762.73653126741,9.678259080556973,41.99390798045109,Engineering,1,1.0,green,29,4.131854835016094
35,84394.27182593496,12.32948757492877,45.001299579466085,Engineering,0,1.0,blue,16,1.0165717066872937
39,111432.51710192038,11.918963299928416,43.89667232216219,Engineering,0,1.0,red,9,1.9248981095218463
49,69627.03714865228,13.401851430874206,40.74137995101613,Sales,1,1.0,green,14,4.0040424027919626
44,66927.49922474103,13.710306730964046,41.65734188109706,Sales,1,1.0,red,28,4.2122709780979335
56,311668.03402549337,12.527678008497785,41.761121725815755,HR,1,1.0,green,5,3.589721300013358
27,80697.89696323962,11.2792507068392,40.81169496695851,Sales,0,1.0,green,27,1.9550284341482045
43,78804.14394425701,12.94674500805192,42.70503165164182,Sales,0,1.0,red,16,3.9895489810734377
36,109612.50569380852,14.671311794289124,38.300440894058184,Sales,0,1.0,green,16,4.361432691278852
56,76752.02726610884,11.945420120720598,44.18142877601297,Sales,0,1.0,green,13,3.7182502675041906
26,111786.60901666587,11.465487771153947,45.20710158143071,Finance,0,1.0,red,23,0.5059903568193631
26,98497.90961609698,12.776340515335981,41.28031891865637,Sales,1,1.0,green,24,3.1245948089159765
29,78913.69100003212,12.077454040739223,41.30127114976435,Sales,0,1.0,blue,17,3.5852400642918156
13,110333.36665547577,9.324581152164402,41.87408849441734,Engineering,0,1.0,green,24,2.4843826696777356
29,78350.26095733482,12.478661600794963,43.91877195392042,HR,1,1.0,green,4,3.18667692409759
27,89050.85612755702,9.306475182472472,41.19141256636552,Sales,0,1.0,green,28,2.486540838643828
36,92736.27258454805,12.74896129281689,43.887890332203476,Sales,0,1.0,red,7,2.138406604113254
38,100743.26299454256,10.405714551186865,43.03698934490649,Finance,0,1.0,blue,6,4.510590817253439
53,109643.91677602087,12.073749608372692,47.08322288800938,Engineering,0,1.0,blue,22,3.215068670252266
44,88823.62567318193,12.781187812398473,41.522675969675404,Sales,0,1.0,green,3,1.8940203538333034
29,89422.15202046868,16.907806691887142,37.92799910455833,Sales,1,1.0,red,17,1.6233999684611844
26,97356.08191480828,13.48549992357385,38.95412175862897,Sales,1,1.0,red,4,2.1390178946581377
39,84023.0623121724,14.72959761948467,42.10385647480031,Sales,1,1.0,blue,15,2.144426625242363
21,127431.29562506289,15.743495637387849,43.7757641880415,Sales,0,1.0,red,13,3.1465302780213373
53,90983.56546823774,12.978511833998889,41.054981719158555,HR,1,1.0,green,26,3.4855567221888255
46,82234.31553192157,12.571379600534398,41.75813510024934,Sales,0,1.0,green,26,3.4844868498339507
30,82369.87793501632,9.866557782347568,43.26968547466315,Engineering,0,1.0,red,18,2.249888012845209
17,65093.32606265218,11.76674013519921,39.709534798243084,Sales,0,1.0,green,13,3.9206307145835155
48,67087.26304452505,10.553824540728275,41.03746120161036,Engineering,0,1.0,blue,8,4.227844315136453
33,101599.85551842007,11.197882299751228,39.62454662477948,Engineering,0,1.0,green,5,2.7400366329806563
47,87370.56607258387,15.741326752384937,44.59645618576513,Sales,0,1.0,red,16,1.967929202877976
19,70984.06431497083,12.229243018399979,44.763345623592734,Engineering,0,1.0,blue,18,3.100282514541745
29,88794.39382161264,10.248200844567783,38.72117002101388,Sales,0,1.0,green,11,5.160076248063167
35,112032.76304809279,14.74906690938261,41.715629002023555,HR,0,1.0,blue,3,1.9417024321244472
35,102515.9525174007,13.910550952474898,44.81451795012989,HR,0,1.0,red,15,2.47383669703317
30,106986.63624268962,14.015306985200793,42.69739036724447,Sales,0,1.0,green,24,3.0574340602976346
41,62611.292452843714,7.987739593795211,41.14152153400181,Sales,0,1.0,green,10,3.541664024515938
24,76364.86574520126,15.897341915442972,38.687675760778205,Sales,0,1.0,blue,21,1.0144200064794056
33,105168.91632676899,10.882970515812225,44.265889103645726,Engineering,0,1.0,green,3,4.305887694300174
36,85827.5310541245,13.55590954558551,42.741030429889,Sales,0,1.0,green,16,4.29229194868142
40,97380.30349687647,17.047599581234063,39.15402722451649,Sales,0,1.0,green,7,2.5752063592092718
42,118854.90861687956,16.310665496381233,44.51978210774998,Sales,1,1.0,green,13,5.706618293332262
23,88478.07738817377,10.044875749054626,38.55919287648426,Sales,0,1.0,red,26,4.227705382925793
19,84171.21255921049,9.110965325995455,41.23902769166518,Engineering,0,1.0,green,1,4.174449932988207
39,104149.58298699588,11.05308381273528,41.710770593255745,Sales,0,1.0,blue,10,4.187553189781012
38,77199.56141386185,12.284111623188,45.29676265769567,Engineering,0,1.0,red,10,4.158716058708039
27,96912.31327340608,10.99823711739584,41.3179076162397,Sales,0,1.0,blue,23,2.9780905117177205
50,90582.50815509056,13.242437093878095,41.77071462739855,Sales,0,1.0,blue,21,2.879040004867147
36,89051.6067181922,11.674240845081117,39.293843310204615,Engineering,0,1.0,blue,23,2.0564299322798383
46,113134.97121848044,13.402648274097487,40.93920464188279,Finance,1,1.0,red,5,2.422628229770312
35,94019.42719125675,12.133963615637466,40.36540907823871,Engineering,0,1.0,red,20,2.6891023177144806
55,98408.76875571349,13.444775856656333,40.86955526799061,Sales,0,1.0,red,20,3.065460050189767
52,96720.4139248287,10.210934621727223,42.35256904978375,Sales,0,1.0,green,13,4.598296047503504
32,89072.48113565253,14.84892402626527,37.071647228314816,HR,0,1.0,blue,29,0.897505178573855
44,77597.59521430955,13.395246741464877,39.1595395091662,Sales,1,1.0,red,9,4.344934276077613
41,74205.64630610592,13.292594738807145,41.89796225278569,Sales,0,1.0,blue,25,1.988124021473814
48,49798.63159728801,9.764660145976013,42.50250936620786,HR,0,1.0,red,26,2.8954801565562134
25,127040.90144897033,15.399264833288495,41.333134402712204,HR,0,1.0,red,7,2.2756021435383986
41,69369.57791797713,11.972567801267463,42.038411020430075,Finance,0,1.0,red,6,4.854276909465663
45,87049.48882079247,13.456097724859681,41.3817667726895,Finance,0,1.0,blue,7,2.5000422290340953
17,79910.85371918653,11.354351072506782,41.60299079354068,HR,0,1.0,green,27,3.5214479266292114
23,92176.43485522909,12.521778129364193,42.62828444052443,Sales,1,1.0,red,7,3.5732666782762346
14,100018.82230080588,12.594254704238809,42.43426745737532,Sales,1,1.0,red,22,1.8399932498794405
32,81987.51673337565,6.360138135993158,40.562083177083004,Engineering,0,1.0,red,1,2.9032296478615596
42,80748.52716939492,13.164896249309662,43.9701894791659,Engineering,0,1.0,green,26,4.20432626310705
50,95285.22306353634,15.93068292344417,42.61421738900663,Sales,0,1.0,blue,15,2.1267651891570174
35,93477.38081127623,13.079560517983914,44.46442791267954,Sales,1,1.0,blue,8,3.8289656094812683
51,76523.38361390837,10.084583502220523,45.185744862534165,Sales,0,1.0,blue,12,2.668920028699072
21,114009.95303722321,13.299923132307773,38.8345465572535,Engineering,0,1.0,blue,22,4.163654023036604
17,99721.5074556138,14.118961060346678,39.92194492226258,Sales,0,1.0,red,11,4.74749694188919
34,100097.96588788959,13.024933032380774,43.607096079941094,Sales,0,1.0,green,26,0.9921601003355507
38,95498.45639143093,11.851745787139912,38.73021515974211,Engineering,0,1.0,red,21,1.6618649098910192
34,102149.21250733628,11.515701548352139,44.82035392538674,Engineering,0,1.0,green,24,2.561490386270238
14,87237.46484835475,11.507380489266385,40.89223561037468,Sales,1,1.0,blue,28,4.465424420844281
34,70734.18218672957,13.395553802022425,43.130066070218035,Engineering,0,1.0,green,16,3.532466054667943
21,83552.57530593185,9.185752009880744,41.487218674278445,Engineering,0,1.0,red,26,1.7552484010288536
41,73998.40762799013,11.256253678289188,39.33522094443262,Sales,0,1.0,red,1,3.6789203254424967
38,87644.40871181933,15.191219646021896,44.17108920426395,Sales,0,1.0,blue,12,2.0862652673982125
25,104600.63188078946,15.268390533154353,47.30144606107466,Sales,0,1.0,red,0,3.870531934215356
29,95705.36354469456,9.043705824396676,40.84998344728862,Sales,0,1.0,red,25,3.5389649973539905
24,79530.59198345928,9.737172777472782,41.13528289830952,Finance,0,1.0,green,27,2.0818881855751674
34,,11.458758840944126,36.68180091346588,Sales,1,1.0,red,18,2.9340455664781055
44,116888.76127221469,13.785179034228705,44.883005806912244,Engineering,0,1.0,blue,10,4.224683761589255
25,78646.45156801058,8.34505129189402,43.623530645684,Sales,0,1.0,blue,4,1.1079626928367474
40,124696.39490320106,11.890382730165044,38.63323227589017,Sales,0,1.0,red,0,3.301108807118715
29,91637.5697449953,11.05164168684071,37.750229075906226,Engineering,0,1.0,blue,19,1.8931006781163577
27,67544.34665837414,14.651929348570468,37.941537433669474,Sales,1,1.0,green,29,2.983812390751191
33,87238.67347275247,8.646183052061492,43.250338250745635,Sales,0,1.0,green,12,3.45776223685728
24,92272.61946620341,12.185081230987246,43.26998283922816,Sales,0,1.0,red,7,5.013168973928341
29,102984.63468714964,11.212781125302813,40.033332111262425,Sales,0,1.0,red,5,2.9737022191619795
23,104916.51382671311,14.939597852554577,42.7585200627656,Engineering,0,1.0,green,28,4.465525659221926
54,,13.1953052927065,42.69775424198231,Sales,0,1.0,blue,16,2.159501813250994
35,64120.632500113104,10.82836868148453,41.26546058629156,HR,0,1.0,red,11,2.504979937016523
28,87984.9698006841,13.706772886658165,43.8003936533706,Engineering,0,1.0,red,0,3.587058595848683
37,70909.22006700907,11.222342293382852,39.630128797543925,Sales,0,1.0,blue,2,3.201761048406962
33,83288.12652036769,13.998659422479507,44.25507842718779,Sales,0,1.0,red,13,2.671581118172698
32,93406.21412099568,11.525846018228844,40.48295689197129,Sales,0,1.0,blue,25,2.6444855543123142
41,117376.56703788368,14.109333157537527,45.683073363934085,Engineering,0,1.0,blue,7,4.3332945559185
42,94536.5646781082,12.8721639102545,40.12938795303707,Sales,0,1.0,blue,10,2.7115578289724267
29,87624.70055362077,18.520982161382847,41.176855842799746,HR,0,1.0,blue,26,1.9791506792839029
29,92351.66399080609,11.894207989167992,41.99717427508471,Sales,0,1.0,blue,13,2.145124375742279
32,106246.64604941345,12.765724583242896,42.044637095644966,HR,0,1.0,green,7,3.6699011356816165
11,,11.041150516568138,42.5016570012362,Sales,0,1.0,blue,28,5.2565224512124535
19,84005.8545444349,12.005370681509557,39.10863516350665,HR,0,1.0,green,2,2.4760173167020163
48,70009.31211604131,6.596329731701118,42.18537518350673,Sales,0,1.0,blue,6,5.148625525356763
51,77020.0294030126,12.931168033082065,42.59626341280544,Sales,0,1.0,red,27,2.989159232440176
32,103781.45178535435,14.685748425898824,40.884523551943744,Sales,0,1.0,green,18,2.720187770020365
40,86565.55779847939,12.79326000919871,42.908117234918834,Sales,1,1.0,red,3,2.089722928368248
38,84409.81791074116,9.372277084045246,39.36726017302444,Finance,0,1.0,blue,24,2.80198619975085
65,67876.8944167145,10.396425694581998,41.947092221898636,Sales,0,1.0,blue,15,2.2438593598479613
46,64856.97273221122,7.139615745687459,40.713631751192665,Sales,0,1.0,red,12,2.163619175989316
33,102709.26440860912,13.957848013730848,41.31313814090196,Engineering,0,1.0,blue,19,1.3479497323943375
25,74368.42296236602,9.98697341458084,44.6940709198424,Sales,0,1.0,red,18,4.766116684649614
18,111732.2062272277,11.942582819575543,44.592911452314794,Engineering,0,1.0,blue,4,4.0643859415339785
37,79083.03178181764,11.69252485534556,44.58083292116244,Engineering,0,1.0,blue,22,3.271600367622495
27,98296.63310022789,14.975454071316534,40.9154854398383,Sales,1,1.0,green,4,2.8559840383159187
20,100500.55038589079,12.170562635931477,43.51523655360042,Finance,0,1.0,red,19,2.994419702233203
28,69577.87152664058,13.617785840212019,42.084724253851604,Sales,0,1.0,blue,23,2.2230910711076284
24,62866.65040517434,13.092927528295325,41.87117940700602,Sales,0,1.0,red,3,1.8661485000154345
51,71271.62380121698,14.7188228399228,42.16527730476166,Engineering,0,1.0,green,1,3.717414113230908
43,103504.01938438998,11.521752610994083,45.67683571475825,Engineering,0,1.0,red,25,2.7377773049077403
34,88939.8197946404,15.739230661009033,44.71167721111292,Sales,0,1.0,green,12,3.3257357130288905
49,112459.01634662789,8.02867568720137,43.7697928368942,Engineering,0,1.0,red,29,1.3375610363768131
35,82681.12700814658,13.714946996002471,41.659398068978746,Sales,0,1.0,red,15,2.6845711980253304
26,83568.55189597076,10.266760782671735,41.899121516509126,Sales,0,1.0,green,21,1.846640195562553
50,106175.15197183842,11.014500894440095,43.36113320907547,HR,1,1.0,blue,1,3.4840557523449363
40,119507.87892379306,13.138828533802071,41.056782176291954,Sales,0,1.0,blue,18,3.9952778525771855
24,120290.96594863242,13.122804099695486,43.65663143192901,Sales,1,1.0,blue,16,4.459699389213819
33,107764.06154103758,13.212856027380143,40.117509777114186,HR,0,1.0,red,4,2.3710202670541416
26,93043.99022254051,9.227684111789523,42.60368737599481,Finance,0,1.0,red,24,1.872100907967631
21,103582.08562569319,14.89806046255848,37.14056890041474,Sales,0,1.0,blue,17,2.5814063920277324
44,92271.53343313352,10.198705763544648,41.07876294679574,Engineering,0,1.0,red,27,2.3006870779862876
54,73128.49171372081,10.465425819549601,46.53535426583889,Engineering,0,1.0,red,22,3.4312333761464373
21,77554.39717766637,13.275793476333657,43.79238298878382,Finance,0,1.0,blue,20,1.597217707874098
40,84229.05609026828,11.42655765047752,45.17093689986905,HR,1,1.0,green,17,1.2456049377192602
28,85296.79570550102,12.616521681124983,40.525384665291234,Sales,0,1.0,red,7,2.6535517026426256
30,66261.97508029416,7.686798606734424,42.10754567360087,Sales,0,1.0,red,26,3.7265060643994237
29,98151.75840896612,12.568648899038463,44.44398450618861,Sales,0,1.0,red,14,1.9725433089093805
26,101636.56940563096,12.43566375902443,43.08618986941075,Engineering,0,1.0,red,12,3.849113295606409
35,84266.95206779201,10.980282924471434,43.01713175471664,Engineering,0,1.0,green,12,3.3653377340269337
26,95718.49545724019,7.851848080470421,45.081163940660126,Engineering,0,1.0,blue,15,4.546795586739374
37,67597.8137191078,11.57438347703679,39.95909006877214,Finance,0,1.0,red,21,2.1977453335629105
34,82870.86495201255,11.925252280402773,41.61152392110899,Sales,0,1.0,blue,19,1.3935281332031375
32,73044.29124897494,11.26554201933901,38.43182887466129,Sales,1,1.0,red,12,3.5985417602151086
25,46984.903957309114,8.327651071135005,39.60978789612879,Sales,0,1.0,green,19,3.2798745378447602
29,94328.193756261,15.189468014633832,44.028370784357946,Sales,1,1.0,blue,1,3.202498007194519
42,80340.6182065845,10.722276944111254,40.305301467615756,Sales,0,1.0,green,2,1.9521722957457175
40,107368.51817109456,11.555590674154198,43.57104850825019,Sales,0,1.0,red,14,3.7751506073256635
25,81005.32934101192,7.181051357563419,45.11697008393616,Engineering,1,1.0,green,22,2.3665741929249284
35,80206.32972725117,15.189710697396414,41.64412365001612,HR,0,1.0,green,18,3.202060478676632
39,104149.58298699588,11.05308381273528,43.17972687959963,Engineering,1,1.0,red,12,2.540431888249058
18,104906.28233532551,12.196925634148405,43.14662425908583,Engineering,0,1.0,red,4,3.3543815902843352
40,101455.89022092914,14.241474889633302,39.65700987386687,Sales,0,1.0,blue,25,1.8048695486850104
28,78544.91328895277,10.647391590566748,40.6270953093979,Engineering,0,1.0,red,21,3.4996783072459934
40,77387.88137346707,13.926489974773089,40.0926775766564,Engineering,0,1.0,blue,5,3.657589259523943
27,68048.94562328735,7.877349088117716,40.76655377983395,Engineering,0,1.0,green,13,3.1159781582826973
16,105637.14924099066,13.101973315142626,43.052221396162196,Sales,0,1.0,green,3,4.643896725201694
18,123702.24758813705,15.144484333039305,40.469606538115414,Sales,0,1.0,blue,21,3.2071603208123802
35,319846.4989166918,10.839166305563941,41.92969354613636,Sales,1,1.0,red,18,3.918753760036669
37,85380.54839499628,14.237763240596799,39.95507676613753,Engineering,0,1.0,red,22,3.0924167977990473
25,80209.27441382754,15.667845304387567,44.2528443290674,HR,0,1.0,green,6,3.829398864004722
41,86584.24267534394,11.490316323891962,41.02978001955332,HR,0,1.0,blue,3,1.4666956843385754
18,57448.239801458054,11.324943428300278,44.7059611038199,Sales,0,1.0,green,1,3.0329447973750865
34,,10.203412508335392,42.10185818769872,Engineering,1,1.0,green,26,1.8730646372016384
22,80727.58027440918,10.980539689629733,38.92600084407384,Finance,0,1.0,red,6,3.140427195611785
28,74117.29313034064,10.36928021945476,41.51794650690875,Sales,0,1.0,blue,2,3.3841927100100726
35,56684.78740043471,10.201777803145546,39.87444634506767,Sales,0,1.0,green,14,3.807497613045854
26,100897.01337881389,14.397670593422713,42.998698754756305,Finance,0,1.0,red,0,3.489909926405581
31,73269.93125334177,10.42014794942348,41.39727443534627,Sales,1,1.0,green,1,2.6631470352228597
45,70002.37895266342,12.517043829439245,42.52642051005471,Finance,0,1.0,green,9,2.2464045116391897
29,43145.46741207269,12.076466870432476,41.141293779906874,Finance,1,1.0,red,15,0.6574765002583374
43,94575.8437996672,14.996189125142244,41.04931539227334,Engineering,0,1.0,red,24,3.068852577850552
23,,10.993687535889972,39.81275598076874,HR,1,1.0,blue,27,4.137861714309034
40,113205.77649814398,12.762296093308644,43.77244587364306,Engineering,0,1.0,green,14,3.1083934666481947
49,83889.97436486257,13.582139404552219,41.933693796400604,Engineering,1,1.0,blue,23,2.9152483087717886
10,85905.31673849678,14.979499214641162,40.87061821260323,Sales,1,1.0,red,14,3.143057288549411
27,89925.09377085375,10.964493309909466,41.443572203115686,Sales,1,1.0,red,13,2.6122906000569035
40,,10.76421506253524,40.74227641302845,Sales,0,1.0,green,21,3.194967885840555
32,84156.19217353167,9.876437892079895,41.31729714644795,Engineering,0,1.0,blue,13,2.5950363386874087
38,110909.0019008598,16.472599241696482,42.47125962938698,Sales,0,1.0,blue,5,2.101118600978419
28,112710.83298734693,14.768944876360775,39.79172600188647,Sales,0,1.0,green,13,2.9247014053580846
35,84244.48048692846,11.915597211375914,40.22129601384158,Sales,0,1.0,green,16,2.9028970593853325
33,94533.52865410785,15.862878302254114,44.71656818724535,Engineering,0,1.0,blue,17,4.875170087126287
46,72219.08083245764,11.796273211268685,41.49448693440089,Finance,0,1.0,red,19,2.1943100069978887
37,77943.25751800329,13.448820942867059,40.93687838215198,Finance,0,1.0,red,18,2.8405582959819973
38,82663.84803181342,12.02034380344544,39.37225678888145,Sales,0,1.0,green,29,2.743334673638479
30,93897.31531274549,12.795610903500942,43.601355274948475,HR,0,1.0,blue,16,2.5523171674195586
30,,12.583522885067094,39.78814837297831,Engineering,0,1.0,blue,15,3.5131052391066513
30,71402.40349953492,11.1500292532467,41.869414678077085,Engineering,0,1.0,blue,7,5.237963017824217
38,114945.31976290495,14.184997076170706,38.64362986136682,Engineering,0,1.0,red,6,2.6791728033293905
30,86228.86049046488,13.431904835367803,43.53634560072823,Sales,0,1.0,red,19,3.5158944916195387
37,91845.65814578233,14.055389187002957,44.39371248723716,Finance,1,1.0,blue,27,1.0876280090527886
55,76713.18792577874,12.640454370998691,43.36904069095603,Sales,1,1.0,blue,11,2.606470470015968
43,44196.97680524307,10.186860236445732,39.091039737189405,Sales,1,1.0,green,8,4.5552411396122
31,109516.99734476196,15.418772133115404,43.597524287818466,Engineering,1,1.0,green,26,2.945019606552019
47,95477.32105498195,11.474887532865148,40.585302000719295,Sales,0,1.0,blue,13,3.502340015009292
30,83964.4888146373,12.72813405713683,39.55805624255677,Sales,0,1.0,blue,19,2.377248863870811
14,90817.1489113067,13.270762717644537,40.81307790848469,Engineering,0,1.0,red,0,3.257557191856465
24,,12.714843432435238,40.97326465330702,Sales,0,1.0,blue,9,4.632776246786081
16,68054.3142740835,13.830834042460548,40.60990269763942,Engineering,0,1.0,green,16,1.8399170377308978
31,84504.47737370458,14.146755844632997,44.46734849580939,Engineering,0,1.0,red,16,5.186542505175789
35,96564.96917604392,11.550332993905505,46.023651992885256,Engineering,0,1.0,green,16,1.454055818105958
51,76938.46270419515,15.250934683911295,39.58172692530107,Engineering,0,1.0,green,3,2.5144981565144917
38,88801.94765753184,,40.682335211350825,Engineering,0,1.0,red,16,2.164082815220415
32,67671.76722393365,12.673498097761577,42.22549667208991,Engineering,0,1.0,green,17,2.727539018232757
43,90670.38063487751,11.224643632791537,41.38256701812554,Engineering,0,1.0,blue,19,2.151097124675925
12,81424.53662963302,10.65305295469842,42.33879749855703,Engineering,0,1.0,green,22,2.0752803365070513
37,68038.16929416254,14.08838217758173,43.87197071189159,Engineering,0,1.0,red,1,1.8132533944883793
42,122202.47170141383,18.24379379485209,43.638731884540086,HR,0,1.0,red,7,3.644053628556221
20,72810.56701810737,11.276480223359366,42.91946713569967,Sales,1,1.0,red,12,2.7620420040594196
46,81138.14289285275,14.430643149356158,45.53819104183945,Sales,0,1.0,green,22,2.500489580300492
38,87053.07008226297,11.348177374599612,38.882105434167784,Finance,0,1.0,blue,24,3.282256910582161
30,103166.65038029471,11.979030046287992,44.86021758390923,Sales,0,1.0,red,29,1.5053644889094404
41,81308.17534871408,15.515167544463344,41.29401673182051,Sales,0,1.0,blue,21,3.3063725439663463
57,80483.98603726774,9.852929429849388,44.01025044135125,Engineering,0,1.0,red,19,2.906230598978754
36,84403.29309321987,9.323681862753755,39.96066754344112,Sales,0,1.0,blue,21,2.9369621699707724
37,95873.39221636827,11.825602702473702,40.223007216213446,Sales,0,1.0,blue,14,3.5191667509069453
30,92628.55949678442,13.327312055875348,43.22423458296405,Finance,1,1.0,blue,19,4.6435240087934915
26,83276.58184383545,12.927333143361764,37.96253995450031,Engineering,1,1.0,red,22,3.3229747419548588
43,75750.22174442718,12.721358351385993,44.13888415657662,Sales,0,1.0,green,8,2.8001254921952174
26,87496.9501347651,12.068263963023156,44.339927004683176,Finance,0,1.0,green,2,1.8173556124240655
35,74637.15498211942,13.57308005396784,42.35556970765792,Finance,0,1.0,green,2,0.6091820743662235
30,24697.708095311053,6.172655115910056,42.183522071157114,Sales,0,1.0,blue,1,3.1278841671628625
39,88043.56523183857,10.498389389824519,40.41272771018309,Sales,0,1.0,red,0,1.7403666598191327
38,98997.34816059224,11.812775181433103,43.408898804807336,HR,0,1.0,blue,13,0.45973654574785394
45,54783.22226148748,13.409069598205019,42.89533049281486,Engineering,0,1.0,red,16,2.6491295769007426
29,79792.63026976233,14.979530280137134,40.03698920795236,Engineering,0,1.0,blue,12,3.2394817357618777
32,89976.71566607512,10.22980058366572,41.15704009982361,HR,0,1.0,red,18,3.744303816535941
25,125604.90379889488,14.914157251073135,41.48132915060839,Engineering,0,1.0,red,29,4.061250713604522
30,83596.53559992294,11.094876661597274,41.11439560696162,Sales,0,1.0,red,22,3.8757121635950487
38,74300.49718367888,11.740180434038628,39.334177173300056,Engineering,1,1.0,blue,14,3.9025750296040673
42,86745.14849621308,13.162865037595227,43.538040617167795,Sales,0,1.0,green,26,1.531929987411347
25,105403.72981138213,11.593527841386454,41.31297908819621,Engineering,0,1.0,blue,24,2.850404362593242
43,82971.24295312987,14.220235213332636,42.19072955178662,Engineering,0,1.0,blue,13,3.5798355665946127
48,71584.49502956733,11.190791709773713,41.103466825205146,Sales,0,1.0,red,1,3.0463746151453006
39,76421.63721958752,11.220930017439333,43.03054294794398,Engineering,1,1.0,red,6,2.8448507234174993
53,78011.95060137531,14.103959908418664,42.75739236876281,Sales,0,1.0,green,16,3.028090019912309
27,83261.30841031598,10.473751223464683,44.26556877826084,Sales,0,1.0,green,17,3.2455339982091505
22,111863.75144894337,12.49785819063332,42.70119742587797,Engineering,0,1.0,red,5,2.9231062945643393
17,80883.29309057748,8.679034664612352,41.23463119632578,Sales,0,1.0,green,26,2.153720642590933
49,93132.53358047284,15.63927870412238,40.80056636499488,Engineering,0,1.0,green,20,1.297175892862376
41,88862.14258368748,14.413103872473549,43.85190536783329,Sales,0,1.0,red,7,2.795972838528758
34,79052.78106703468,17.50021439916151,41.41484780242708,Engineering,0,1.0,blue,27,3.0574827543052745
37,107276.8290458857,14.67672746289277,41.696564866807556,HR,0,1.0,green,26,3.0465795814759415
23,78054.54066720509,9.740699540799037,41.41605678741465,Engineering,0,1.0,red,1,3.9529210635822114
39,104149.58298699588,11.05308381273528,41.67678457868574,Sales,1,1.0,green,0,4.130606301022926
36,128388.56094434208,10.163982475556391,41.71092201154026,Finance,0,1.0,green,15,2.8959771962307572
36,99949.51866780389,15.156075014106197,45.87241512546516,Sales,0,1.0,red,6,2.9031351635031912
42,68116.2925207068,9.797719424044855,40.044355891744615,Sales,0,1.0,green,21,3.5731285995706505
39,72709.70675147806,9.701690231520406,40.45099157847678,Sales,0,1.0,green,23,3.426548379517975
37,93567.8169157712,8.780377092606626,44.8086488363085,Sales,0,1.0,green,10,2.5574417981986657
27,84768.77723048846,11.023240357473997,41.09039123100986,Finance,0,1.0,blue,14,3.659013836138776
39,60288.96337653807,10.621044350432857,41.17875743185021,Sales,0,1.0,blue,12,2.853625591050518
53,92218.53938359246,9.476701788321469,44.42972771354687,Engineering,0,1.0,green,29,2.8748892612997725
48,87916.69334237624,15.979618208487048,39.41960876543649,Engineering,0,1.0,red,23,3.4336137950886405
50,117278.75082158305,13.05976139277329,43.94290885850681,Sales,0,1.0,green,1,2.698833380256743
29,104674.12822486,12.824469079713424,41.97123285864309,Engineering,0,1.0,green,13,3.0946725074900034
25,88825.15808060628,15.178328838495853,42.72960426166395,Sales,0,1.0,blue,23,3.297544306441549
33,106752.7921782843,12.512515584085868,42.852061910504254,Sales,0,1.0,blue,5,3.8171785594662104
35,82525.75144888021,10.50263959698972,40.744034827034724,Sales,0,1.0,blue,8,3.7481405802752756
45,88590.34667172735,8.599580514964686,44.302367560299814,Finance,1,1.0,green,27,3.26704447676833
18,88440.6479053567,10.389885215313193,40.55972457704386,Finance,0,1.0,green,6,0.3912312655598109
50,82337.14377818767,15.010831201016925,43.11769803799748,Sales,0,1.0,red,17,3.243350819721203
33,68814.73582112111,,44.43544897105827,Sales,0,1.0,green,23,3.3978859289459105
30,103568.17569170467,12.706254475995753,44.65780339969294,Engineering,0,1.0,green,8,3.600928847130378
24,87181.92087691523,14.067850286171115,41.24574732811862,Sales,0,1.0,blue,22,2.043975037267952
18,81657.34209402956,12.570689680886503,42.58627054848202,HR,0,1.0,blue,3,0.8779239475801077
43,74067.06128250321,12.797966657581167,41.441022419592755,Engineering,0,1.0,blue,8,3.8061700107836667
35,96287.60946114248,13.311207825746852,47.007592454537544,Sales,0,1.0,blue,3,1.775473406537043
22,119213.55901958307,12.758561743645298,43.30025201174764,HR,0,1.0,blue,11,4.222169544317816
22,79641.45132102558,15.218148344946563,41.908116871673876,Sales,0,1.0,red,3,2.42134811419117
31,80121.54148072572,9.919416543544779,42.545124346915486,Finance,0,1.0,red,24,1.972827041648097
51,108625.85759226416,12.480849753677571,43.13421083089214,Finance,0,1.0,red,29,3.3496219725359864
32,,8.363519132005704,42.81348708156696,Sales,0,1.0,blue,23,3.616176085004387
19,80343.09982062678,7.8525076256269255,41.20000356470688,Sales,0,1.0,blue,19,3.556578022075578
32,69574.07089268489,11.836657938296032,41.151345401529646,Finance,0,1.0,blue,13,3.5016104059359106
32,95684.88387178327,13.086759137889514,41.636293276547015,Finance,0,1.0,red,23,2.2922096927467006
8,92976.84268835717,15.26133555447513,39.18061658990558,Sales,0,1.0,blue,23,1.473090203712805
34,115304.70033326073,16.839583466020926,43.416548813948914,HR,0,1.0,red,6,2.6103356047008828
32,111729.95479746415,14.639721341330961,40.33658991470205,Sales,0,1.0,blue,25,1.8542922119845113
41,129206.44909666739,13.454331488796058,40.000099842030565,Sales,0,1.0,green,12,3.4325486848994364
53,95654.28673284652,12.319929711547632,42.3312910668717,HR,1,1.0,red,21,3.8742478108170797
46,81699.57636963224,8.937543873633246,41.95975474062023,Sales,0,1.0,green,7,3.1726966501188025
32,88039.54488920924,11.707926788516403,42.43926895157797,Finance,0,1.0,red,22,2.9990551855605845
23,88444.76611538904,14.580753502516451,40.62358926120718,Sales,0,1.0,blue,4,2.689567421488268
60,96466.9487880936,13.79656371205608,41.71491488353805,Engineering,0,1.0,blue,11,3.980349269538795
39,104149.58298699588,11.05308381273528,43.384239010176984,Sales,0,1.0,green,12,1.169531261355666
35,323734.1538835509,13.22805129451696,43.26243440099039,Engineering,0,1.0,blue,28,1.7938489600031755
34,108934.31990532571,13.05678562373544,43.159050092353354,Engineering,0,1.0,red,19,4.826733302733586
36,73001.2022414938,12.699780240229474,42.08793522470297,Sales,0,1.0,blue,13,1.745040629196333
33,102931.04508467167,11.944288889245332,42.29784524666455,Engineering,0,1.0,blue,27,3.531036832470078
29,109750.22981176313,13.331167933888386,42.340877775421006,Sales,0,1.0,red,17,3.7367901083169204
29,88412.85032860821,13.394626077824796,40.56791652038205,Sales,0,1.0,green,26,1.0737489288183362
34,50323.42392228264,10.717082469137189,44.928093200292196,HR,0,1.0,green,23,1.2657021238633355
29,79612.75456187609,12.91002812276419,44.5431760649754,Sales,0,1.0,blue,24,4.2647143405969
27,104318.54735393336,11.621209718505572,43.428491182001935,Engineering,0,1.0,red,19,2.0270563347452595
36,76733.57585903931,9.025532264507515,41.168276827196806,Engineering,0,1.0,green,3,2.0543683802351795
32,67640.82430534736,10.876785929923672,43.0182882359003,Engineering,0,1.0,green,20,2.4791238516508827
50,69046.23806950418,8.87262062930915,44.25673987553954,Sales,0,1.0,blue,17,2.0295179568206825
8,104489.86160798892,13.96018707014021,39.01360619655772,Sales,0,1.0,red,6,3.5262676786778293
45,96336.33978834661,12.711778755108638,45.589023523396996,Sales,0,1.0,green,14,1.81796244094316
47,80283.07484521891,11.28901877758811,38.76122477768841,Engineering,0,1.0,blue,20,1.0342394718925276
14,89020.76188251158,14.841042686577296,42.98921163941815,HR,1,1.0,blue,5,4.156356517190784
31,80531.57320982967,12.135981815162333,44.82656461250494,Engineering,0,1.0,blue,15,1.8670892338070293
31,63576.510696721205,9.13755448806625,41.69387307194594,Sales,0,1.0,blue,19,2.2479812333330704
20,107593.76410093876,11.121042919632378,41.39907120035386,Sales,0,1.0,green,23,3.8298579346224546
27,90962.31808546965,15.265708374546584,43.17532158529385,Sales,0,1.0,red,7,3.0702438884216128
23,100240.52406184758,10.661048749821713,45.46376378386774,Sales,0,1.0,blue,27,4.112341258610334
52,110471.06851138375,12.55044257751566,41.77786472411727,Sales,0,1.0,blue,20,3.845142104986733
44,105437.92321930724,13.487753249029277,40.61808961626811,Sales,0,1.0,green,15,2.5465693543415435
47,83065.38621655892,13.179896969109885,41.39244908878402,Sales,0,1.0,blue,27,4.021919882486017
42,106752.71014879775,16.8989195979162,39.03497201542756,Sales,0,1.0,blue,21,3.167773147793056
23,78579.24636259665,9.647393486153462,43.55551579743031,Sales,0,1.0,red,15,2.401612091309655
29,65985.69360585127,9.847073838934394,40.85183389457228,Sales,0,1.0,blue,2,3.2904016229685142
39,83906.86254321125,9.680491105795735,41.66332169186889,Sales,0,1.0,green,16,1.6905374801575064
97,66538.89260650166,11.40816315796623,45.05924226283801,Sales,0,1.0,red,8,3.8338477024753908
42,110411.45515601817,14.198754776364902,41.3861793511803,Engineering,0,1.0,green,24,3.704118788347806
32,72840.33306174504,9.936530840406977,43.458180790776794,Sales,0,1.0,red,2,3.120358441483836
31,95697.55787375622,14.226721011887877,39.84382299236743,Sales,0,1.0,red,19,1.0817269750960186
42,90460.07809275856,12.070253339855475,44.057438856648,Sales,0,1.0,blue,28,4.154404787118448
39,75462.4452351733,9.782006613578153,42.76381004253094,Sales,0,1.0,blue,6,3.4370926842574585
31,84292.18728272198,8.497260086864287,41.74284193836066,Sales,0,1.0,blue,17,2.9770416531221153
46,69711.02218780617,8.944859012381347,42.48178697588759,Sales,0,1.0,green,11,2.8193335208209596
24,95074.33901245512,10.668293183532152,39.206477410694525,Engineering,0,1.0,blue,18,2.463280772694397
41,64795.39774183885,11.661697648513359,42.33600148789394,Sales,0,1.0,blue,15,2.655529237479878
40,95972.07155357889,14.692125953460902,41.81666042928679,Sales,0,1.0,red,21,3.7692166928951396
31,119878.46425900371,13.598176424376478,39.401134779124874,HR,0,1.0,blue,26,2.4832739571109794
38,65961.38261843455,10.322117495839395,40.717849146186914,Sales,0,1.0,blue,23,2.7256978572035875
22,78285.81714236023,12.817330566744337,41.481509484094964,Sales,0,1.0,blue,16,2.872406723693162
44,103617.89536003716,15.30309253838448,40.96541563010432,HR,0,1.0,blue,19,2.8998027387799388
33,99937.23125527418,15.74783484206007,37.135772189899164,HR,0,1.0,red,14,2.382188083773645
29,89373.01541978182,11.371187976892807,44.032775079217735,Sales,0,1.0,blue,0,2.8298005561216026
45,99087.53753044497,13.916576859410004,41.91582024982067,Sales,0,1.0,red,1,3.3433139459011545
27,103860.5542297535,14.779910733775647,37.29209958152691,Sales,0,1.0,green,7,2.0951954001988033
20,93603.06609027303,8.985856153643226,45.96992587935879,Sales,1,1.0,blue,21,2.8344293827180382
19,89072.8373309695,10.975185825680606,44.16278466262638,Engineering,0,1.0,blue,24,4.9309842071211
41,95701.24758726143,16.440037468846526,41.422035897863324,Sales,0,1.0,blue,1,2.936855659795257
22,94282.38885731554,11.397927779758191,40.0550050172666,Sales,0,1.0,red,18,2.0695769551380208
52,96924.52083522164,6.142097270597805,43.14638242152105,Finance,0,1.0,blue,8,1.9525881827071512
14,83284.72294194106,11.758076379226555,41.98465362976828,Finance,0,1.0,blue,8,1.7348049279673081
51,78129.81342463555,14.249250998231723,43.404179849600744,Sales,0,1.0,green,12,4.627116561672256
37,102645.27266010997,12.013020873601793,40.360759453489905,Engineering,0,1.0,red,5,4.008022389716346
34,88486.46622149982,13.430727893601267,44.17554404194326,Sales,0,1.0,red,29,1.7103749325757858
29,59039.28879572385,13.876443995311464,40.9330757536489,HR,0,1.0,green,14,3.21370629433824
38,96581.70044866262,11.290125097135435,43.421531497311136,Sales,0,1.0,red,18,4.224836058702909
34,74853.71929220491,10.961214027171248,40.38612147908595,Sales,0,1.0,blue,20,2.95953188859253
46,85562.64662116322,12.306881951908544,47.51628797150697,Sales,0,1.0,blue,14,2.5083859972720646
36,92046.37849611451,12.355557845859762,43.41104669793052,Sales,0,1.0,green,17,5.2408996484783525
36,89181.95611576783,12.108153639693942,47.7884645531473,Sales,0,1.0,red,6,1.0946551763411467
31,97212.71639318037,12.19031304536493,43.575203952652096,Engineering,0,1.0,red,25,5.632580773330154
34,74976.42763372793,10.502907730758524,40.85707128626263,Engineering,0,1.0,red,10,3.0599992088565062
38,,13.500573820161897,43.71876158717839,Sales,0,1.0,green,7,4.290430130294517
17,85702.19151891905,13.198463894225933,43.44115563638643,Sales,0,1.0,blue,5,1.7993868207176744
21,89066.1070134998,9.327983266729085,42.46664828899552,Sales,0,1.0,green,7,2.274415701950689
42,92895.53835768,11.221675365828066,43.400784944064114,HR,0,1.0,blue,1,1.9200432572801993
36,72526.89870456775,12.186159745078893,43.54345425881535,Finance,0,1.0,green,18,2.8989688209908753
33,99083.85372896845,10.93137399544765,39.97263797846852,Finance,0,1.0,blue,15,3.3077261401087608
35,81784.78018881605,13.274743955175587,39.87028319054009,HR,0,1.0,red,6,4.0668019966026225
38,97719.57174347434,11.866234923085724,40.471566002771134,Sales,0,1.0,red,9,1.2885444016312309
29,92523.74487775123,12.338145058910374,42.135084788741025,Sales,1,1.0,red,11,3.156883937742089
27,111168.4993070284,11.198581385033853,41.39365765705316,Engineering,0,1.0,green,16,3.894908867949309
36,70688.69732395853,8.01356235317877,40.06885886815411,Finance,0,1.0,green,6,4.08218597116433
25,68458.15812885234,7.899303356875101,43.35062842103929,Sales,0,1.0,green,21,2.559480718376572
39,89246.36319183616,13.179219093384054,42.646089640272955,Sales,0,1.0,red,7,2.5719238026368854
17,83053.77571642223,12.533824152978788,41.97785798274171,HR,0,1.0,blue,6,2.907975460164853
45,100631.10176723725,12.877324412702169,41.68402138965213,Sales,1,1.0,red,3,3.186052704410257
39,62562.177925828655,12.268945684125827,41.323543795268854,Sales,0,1.0,red,2,4.302597811624913
37,71482.16813304578,12.42913480674703,40.357337676382045,Engineering,1,1.0,blue,18,1.7899043725429866
44,75797.09641802483,13.938046747237577,44.04748058507467,Sales,0,1.0,blue,14,2.213746276393451
51,102922.33011401212,12.889238744802824,40.91301423669363,Sales,0,1.0,blue,3,1.6685886893545678
45,117904.65669056556,14.081818700612226,42.618780933385636,Engineering,0,1.0,blue,24,3.427754085038344
16,85462.03276929751,12.342923682453195,44.944020792544066,Engineering,0,1.0,red,8,4.101368192261381
22,81665.38370903122,11.399236518960459,41.0754845106213,Finance,0,1.0,green,12,1.5790332456297207
28,88215.9996196352,12.388405724312491,43.78140428143839,Sales,0,1.0,red,17,3.088703306896204
35,98411.10725019909,10.327644237025407,43.137418032071345,Sales,0,1.0,blue,20,4.029003239978163
40,69810.62141366993,11.240306142176182,42.72293512652211,Engineering,0,1.0,green,15,3.784546802953032
27,90640.962592862,12.355142617280073,42.700696883809506,Engineering,0,1.0,green,0,3.772753857865157
36,101613.87443814252,12.328636663802023,41.830186861458145,Sales,0,1.0,red,3,1.8101245771067518
27,92877.89926907976,11.787162239994023,41.90955193758688,Engineering,0,1.0,red,17,3.7694344109181346
28,80514.61598793592,9.223630579651587,40.76377210354855,Sales,0,1.0,red,7,2.8140744823149886
20,104834.1486670314,13.272819092841429,41.782914242268184,Sales,0,1.0,green,19,4.070161814554281
25,50456.88604460874,13.668456813199098,40.629548008433005,Sales,0,1.0,green,15,3.4491665552347324
21,106030.27276447703,15.287380990504477,43.731310186153195,Sales,0,1.0,green,20,2.184499236690319
25,78839.52073262102,12.883551993177463,38.40100514264311,Sales,0,1.0,blue,10,3.278811955554506
45,58549.27755230204,12.002923668382966,43.16210658225097,Engineering,0,1.0,blue,19,3.8185160604524127
25,87589.8619352138,9.9739409807797,42.47317340284456,Engineering,1,1.0,red,20,2.4936359309218323
61,115556.9853936107,14.984035738722111,43.01203192835207,Finance,0,1.0,green,20,3.1288019921209465
39,85425.27014182876,12.495665953748047,44.12899789773097,Sales,0,1.0,red,20,1.6633904230510186
36,101453.35725099682,12.386746347650913,41.44775281991411,Sales,0,1.0,green,26,3.549031934630679
26,108659.83668075656,11.491887603642295,42.3308676891441,Sales,1,1.0,red,18,2.9437362863739507
42,103815.89940515153,11.364060867130275,38.7069162236271,Sales,0,1.0,blue,22,3.9140863926295286
29,114729.06834487597,13.376533468101693,41.04936623572956,Engineering,0,1.0,green,18,3.5208668058773798
36,91003.26863012684,9.957118754682817,43.73147286235045,Engineering,1,1.0,blue,17,2.592826806061784
60,96884.09573847658,15.25086371831756,39.821676528927036,Engineering,1,1.0,green,18,2.15363111164946
34,70415.67156677271,14.815052915076745,42.299486734101485,Sales,1,1.0,red,10,1.9235998326743162
46,80184.69339684825,11.291876906265822,40.8649658562324,Sales,0,1.0,green,2,2.492578000551244
27,68168.11367501887,10.272270868253916,41.618026056456536,Sales,0,1.0,blue,7,3.887096702785758
34,106472.90483233471,7.969588023289171,40.7446450224768,Sales,0,1.0,green,19,1.24373264629602
52,75853.2295786096,9.497172255031547,39.84560879141314,Engineering,0,1.0,red,18,1.9642752223610693
28,92227.54105906453,13.459822985765749,42.6320066299196,Finance,0,1.0,green,9,3.858999426657041
53,96164.33179401094,12.630683717801308,42.26080647595051,Sales,0,1.0,blue,15,4.328952269751416
42,89615.95808742334,12.987307130612177,43.3652582393744,Engineering,0,1.0,red,4,2.0168413167762758
29,100352.28779451632,8.308840729351676,43.46887581599773,Engineering,0,1.0,blue,19,1.9531909272184327
41,74285.36585336723,11.208368759794672,44.570517474178025,Sales,0,1.0,green,8,4.407160239571904
44,97122.74866625114,14.734545612564165,42.44697349088533,Engineering,0,1.0,blue,7,2.8764055804326185
41,74286.77678261316,11.807945189361293,44.65724204920642,Sales,0,1.0,green,10,2.105457620872845
19,58565.89392394551,9.45541053075203,39.72845098521809,Sales,0,1.0,red,15,4.04461788938862
27,76153.84965136331,11.776795338314198,43.657919658456265,Engineering,0,1.0,blue,6,3.5034807966039994
32,80818.34353408232,10.4579651632695,42.858780832655704,HR,0,1.0,blue,14,3.7366540266353043
34,81562.54099191348,12.667358119890794,42.44618530502957,Sales,1,1.0,green,23,2.15756041824032
41,75736.95757521846,12.04109075777543,43.00946446832623,Sales,0,1.0,blue,28,3.3748253410793048
36,68165.01802941624,13.086593328164582,40.09852224332908,HR,0,1.0,blue,20,4.24628616092316
21,77445.87464997891,9.564152746469775,39.32650638014995,HR,0,1.0,red,19,3.6407943606482185
38,60736.894977544376,11.102566862669802,45.479656372154,Engineering,0,1.0,green,22,3.919869918353089
41,103943.4455037387,14.180868682798218,41.782555643605455,Sales,0,1.0,green,16,4.403142549962902
40,79110.91596740467,9.291439891129038,41.7340131563866,Finance,0,1.0,red,5,3.427669719755355
45,58118.055411786176,9.993775967920044,39.99538105151742,Sales,0,1.0,red,14,2.434879072617501
43,82557.64770420443,12.398594619984127,39.19644338900632,Engineering,1,1.0,green,7,3.8771111535319536
39,76438.032950644,12.573459678167582,41.90336224237544,Sales,0,1.0,red,6,1.894294649099376
34,87854.51859983109,11.02230031451446,41.29682415698254,Engineering,0,1.0,red,1,2.7776805061222913
18,104436.15939451406,11.4431342347223,41.663468713484896,Sales,0,1.0,red,29,3.58807922912916
39,61071.76632464769,13.066451123111284,42.25430788076435,Sales,0,1.0,green,12,-0.21737888928961802
37,92823.20119777047,13.699270003519736,47.018922162521385,Sales,0,1.0,red,29,3.2524633653464674
37,77182.67807476183,9.861556669420482,41.36284003852209,Sales,0,1.0,blue,22,3.29962607192781
22,98256.01827052468,12.7286390412559,44.899880215886895,Engineering,0,1.0,blue,28,1.8640650784377228
24,98270.04542359967,15.024032000011445,45.06404843008989,HR,0,1.0,green,5,3.325860591749314
45,74025.10765575092,11.768215877277735,43.707248570543975,Finance,0,1.0,red,28,3.1899485012560573
34,74735.1560422696,9.840321692422961,41.509747334901775,Sales,0,1.0,blue,4,3.0339717803836406
41,67303.06069498436,9.747816182345566,39.39705532773454,Engineering,1,1.0,green,19,4.189433803761843
35,101175.6824311078,11.678525117376273,42.95588775466781,Engineering,0,1.0,blue,0,3.878909356517202
35,92534.75855928485,14.071694609735237,44.03762415940189,Sales,0,1.0,red,28,3.6399828507133414
44,114273.32518721538,11.918488300306757,45.675374928565965,Sales,0,1.0,green,17,1.9757784707571369
29,86225.47967221626,12.378463959811855,39.98008409150644,Engineering,1,1.0,blue,14,2.9826586648162845
35,69395.84840330023,10.007316635652392,41.51294722162947,Finance,0,1.0,green,22,4.1844347397059
30,69192.98990866687,13.966235265953095,40.0122708191543,Engineering,0,1.0,blue,9,2.7853381783187072
30,52078.953429168694,9.70868285766929,40.63304401512615,Sales,0,1.0,blue,2,4.554262019413571
31,59210.98194928786,10.991007031456734,43.248775068471254,Engineering,0,1.0,red,4,3.6691934064015017
37,93786.38893745001,13.259829724092588,40.68139046126853,Sales,0,1.0,red,23,4.709560562892245
30,81394.28635852941,7.921137003360136,40.25145764536598,Engineering,0,1.0,blue,28,1.9326677770152092
47,63325.90636763225,12.347922299371415,43.83399172744455,Engineering,0,1.0,green,12,2.8453424613752936
26,93191.13331279103,9.921852867216437,42.7214775800871,Sales,0,1.0,green,7,2.939868976991948
33,78853.38061820308,12.033098797818226,42.66002239587035,HR,0,1.0,red,21,3.6061733064352035
30,86089.56153351162,11.295888784576126,40.594225283601865,Sales,0,1.0,blue,20,2.261402418117488
49,122818.3183759223,16.211669650696976,44.8660465564294,Finance,0,1.0,red,28,1.3923929599635216
36,97093.86260278354,11.213757621600188,42.048980394639585,Sales,0,1.0,blue,1,3.378197706978459
45,93027.94851871257,15.685302745766684,46.96038027750954,Sales,0,1.0,blue,8,2.633526752079933
20,76153.83036587093,13.173904582366749,42.02233233894009,Sales,0,1.0,red,16,2.5293029581998323
37,48914.015155682064,10.397082058540544,37.37330431630568,Sales,0,1.0,green,26,2.3071910846387365
43,77197.56576292224,12.661621850519513,37.40424893044626,Sales,0,1.0,red,17,3.123888757850742
35,81006.5879395577,11.391180507324377,43.247899883690934,Engineering,0,1.0,blue,12,1.9231424710458567
45,72645.25203717964,12.484314981482468,44.800988304661615,Engineering,0,1.0,red,0,2.8058042529653062
29,79747.79956901583,10.572218025133466,40.3123437401523,Engineering,0,1.0,green,11,2.171287018412178
49,97293.84404445728,15.380355266691915,46.4819575455543,Sales,1,1.0,green,19,2.3908225860135612
57,88179.54881765918,13.850796181593449,45.765997873988205,Engineering,0,1.0,blue,19,3.353810184772958
31,76440.65069661765,12.063563136323182,42.3410935268823,Sales,0,1.0,red,20,3.6514098621027955
30,98904.50868791813,15.458229536139068,42.978907884712264,Engineering,0,1.0,green,4,2.6938950733615576
49,93074.78520803823,12.148558488165698,44.069060434777036,Sales,0,1.0,red,7,3.9678303935055372
50,76229.7636275243,14.19524992972233,46.07998979464103,Finance,0,1.0,green,26,2.0272864090628895
29,107393.7892213286,12.076601175044848,43.24427193349116,Engineering,0,1.0,blue,14,1.4801013949996793
30,86884.50358459956,12.787775189621158,42.2758633045423,Engineering,1,1.0,blue,26,1.6636748134841925
32,85794.11165851605,11.837122438114442,43.284602395173295,Sales,0,1.0,red,2,1.9245932078861576
21,97195.02447209199,,42.79472056289845,Sales,0,1.0,blue,5,1.6871067658837204
25,90521.43313128052,12.341063720775997,43.648820374549985,Sales,0,1.0,green,27,5.021153917896246
24,96278.65851376831,10.660536335023213,38.63995341384093,HR,0,1.0,blue,12,1.449779212403575
39,104149.58298699588,11.05308381273528,42.47170689989491,Finance,0,1.0,green,11,3.9374289033969125
34,75512.9092814764,11.566489967027657,42.90088101515947,Sales,0,1.0,green,18,2.974871150892725
37,92800.8189789053,12.459422033604593,41.89430566589566,Engineering,1,1.0,blue,28,3.22460046691791
50,68660.63277316926,11.938841960993065,43.86833288843511,Engineering,0,1.0,green,17,2.094270287289535
25,94666.5907896021,14.346065067651415,45.64233524113808,Engineering,0,1.0,green,23,3.325452724894684
44,,,42.45643426220888,Sales,0,1.0,red,0,2.0860814449293015
32,81700.28180475967,11.607344887949255,43.32344216141538,Sales,0,1.0,red,24,3.9227661820284463
34,92362.64071312768,14.763567794903878,45.1925295209031,Sales,0,1.0,red,26,4.005513477854234
41,69010.38805898816,15.746041247150913,42.443129011883705,HR,0,1.0,blue,6,2.8651380631340784
23,65506.16861435288,7.912347410155766,39.98307359528238,Sales,0,1.0,red,11,2.9306358946457216
38,92986.4140275144,13.864580170132559,43.29155769817585,Sales,0,1.0,green,9,3.4327238994268336
36,84239.94069597202,10.614031605337003,37.616667726403854,Finance,1,1.0,blue,28,3.381609428057787
39,75389.36101405043,13.601496042646598,37.48326592407464,Engineering,0,1.0,blue,11,4.0241463731336164
37,112415.0452568491,14.476475881292863,42.70602409423252,HR,0,1.0,blue,10,3.9958459252102987
59,67745.42170971917,10.246014810978895,37.79005923383627,Sales,0,1.0,blue,3,2.9711590693208842
28,89427.89541380649,8.295345801968478,39.22966451514362,Sales,0,1.0,green,18,2.5227755150450557
29,97420.51995737046,13.67086817643173,41.119802872979356,Finance,0,1.0,green,5,3.811619787861477
28,77119.00524724461,12.270804964967223,40.417167300508225,Sales,0,1.0,red,24,2.8437142511125657
29,102619.0308657269,8.663122492194743,41.58438699290577,Sales,0,1.0,blue,8,3.113743942286525
28,83272.83455642973,17.059129010925645,44.08574028153699,Sales,0,1.0,red,19,3.5303162238510906
46,103533.82907768933,13.248838824513104,42.69696162272786,Sales,0,1.0,green,9,3.9755569720753576
49,105029.3350113956,13.340200080250305,40.60135919644108,Sales,0,1.0,blue,4,3.260848141908286
29,84135.60337922262,14.731635505124096,44.588882145568554,HR,0,1.0,green,26,2.412802054126113
26,103402.03578388592,10.838352094306996,38.96228552691162,Finance,0,1.0,red,12,4.79701034386445
39,83032.02695354776,12.260908224177353,42.523767017544195,Finance,0,1.0,green,8,4.530341811543412
29,82414.47295651927,9.361356172440473,38.7998280499766,Sales,0,1.0,blue,1,1.9819966427475013
41,86257.1368978572,10.784103105429631,42.624635811461076,Sales,0,1.0,blue,17,2.0882284230756327
37,86299.32888075721,12.771320000938475,41.4027451922148,Sales,0,1.0,red,20,2.213986518140926
19,88170.41609460203,8.669430665735096,43.84447582305273,HR,0,1.0,blue,0,3.848550891714811
50,94084.59353421471,10.727420908643838,43.74137894238846,Sales,0,1.0,green,23,4.8351431917235
52,54204.41664180097,10.144132080124558,41.16572133601668,Engineering,0,1.0,green,20,2.493726732828783
28,106417.65711689436,12.28418449124069,40.30212071836752,Engineering,0,1.0,green,11,3.169268357915573
31,,13.149402523330696,41.28980653393578,Sales,0,1.0,green,9,2.24739413973408
37,105941.1098913836,13.484305608752914,45.79114292006868,Sales,0,1.0,red,1,4.700192764882957
38,108893.47692108265,13.997633289556301,45.29813696221616,Finance,0,1.0,green,27,3.824828341876483
41,77868.20462620625,,40.1834636292627,Finance,0,1.0,red,8,2.1753644360961406
55,83481.25840278166,13.214490907366812,44.00045067600269,Sales,0,1.0,green,1,0.8976588890476473
33,80738.44536607745,15.77467179778883,38.49713714220547,Sales,0,1.0,red,22,4.0375870577615665
27,83493.19967325707,12.239005042529364,40.945315077885276,Finance,0,1.0,green,23,2.427515193785573
21,80339.5588117106,11.653357691498904,39.86487129427508,Sales,0,1.0,green,29,3.842732169210926
27,101338.75216420033,13.21461472672008,43.97855891514489,Sales,0,1.0,red,21,3.2936903368504145
34,104356.16414183858,11.567177650014823,39.39856496042317,Sales,0,1.0,blue,13,1.165703967275948
52,118050.64553449964,15.705129457550099,43.19870047084495,Engineering,0,1.0,blue,10,2.193223268192972
29,84353.38044013674,14.261966946270423,41.88142024313193,Sales,1,1.0,blue,22,2.6458553127139215
37,87363.34075902918,13.500556288399029,41.68910234054098,Sales,0,1.0,red,10,2.324210010748672
34,61536.94318093386,12.262838688082702,45.32316590148879,Sales,0,1.0,blue,16,3.1161682848853847
46,71467.085974068,11.185045657170274,45.73939438466862,Engineering,0,1.0,blue,3,3.4013814461513188
60,104680.72452386841,13.40265000913552,42.21121436309406,Finance,0,1.0,red,12,4.78935993750708
29,103471.15764214171,9.745805096306082,41.18816739880001,HR,0,1.0,blue,6,3.472213476876468
30,76690.94812244728,15.06872706688204,38.88625336239367,HR,0,1.0,blue,15,4.491101065719876
45,76047.21588039433,11.644726589229252,42.19148202552158,Engineering,0,1.0,blue,0,2.5231832144587054
41,87434.55404506047,12.610213466481458,46.02660651149198,Sales,1,1.0,red,12,4.165213413513675
53,84744.81092513437,10.180797847613423,42.10252932094415,Sales,0,1.0,red,0,2.618801909510071
40,78193.86477989063,13.445972526238442,43.55751856628756,Finance,0,1.0,blue,10,2.0829831985243787
31,89638.46598993137,11.092516774323343,39.12500535216147,Sales,0,1.0,blue,5,2.0407232417887644
40,82787.78253576685,13.298457580610197,41.230450140532795,Sales,0,1.0,red,19,0.3580447414565322
46,90327.57675069015,13.514786937954778,43.144930611605304,Engineering,0,1.0,blue,2,3.854082622940158
43,90308.47103852425,10.70473577282292,42.3717247960961,Sales,0,1.0,red,11,1.7098049636599912
40,79355.1593216801,9.75294175817201,43.74933466882113,Sales,1,1.0,blue,4,4.408145234613717
45,88645.61114136875,15.063799833089089,40.994656230882676,Finance,0,1.0,red,8,2.825779497679459
46,83202.05873693805,11.615401931941836,38.72002290235267,HR,0,1.0,green,25,1.4451352518652407
48,86023.64850819379,12.449697632091276,44.50418046064454,Sales,1,1.0,green,25,1.8822698369595245
41,83362.62169964853,12.970929049293485,40.24770142145818,Finance,0,1.0,red,11,3.1906349423143308
33,74595.85828060415,9.49259974020356,42.973208055003965,Engineering,0,1.0,green,29,1.1200425274561159
36,112755.70437849007,12.925332273639775,42.92171373297683,Engineering,0,1.0,blue,29,3.589945006954363
47,95008.5509360464,12.198253072309274,38.91249360993602,Sales,0,1.0,red,27,1.4836677119405497
26,77706.61104333625,10.712938604591217,43.91825083448005,Sales,0,1.0,red,26,2.2610236681354765
38,89515.10015863465,9.686928030324541,40.926865610942066,Engineering,0,1.0,blue,9,3.1987203353748908
31,84628.02094140346,13.21177109591454,42.030109243973925,HR,0,1.0,blue,18,3.4676106901731982
35,110363.14161296889,,41.28363487206889,Engineering,0,1.0,red,4,3.797719796260937
47,92616.17598732823,12.357181034785606,45.48518300446582,Sales,0,1.0,blue,25,1.6934539864869131
39,104149.58298699588,11.05308381273528,44.706980416368125,Sales,0,1.0,red,4,2.691547206987825
35,86371.75698410578,9.88533436565054,38.37533083245856,HR,1,1.0,blue,8,4.092999501984124
21,59844.11546302819,11.135752581351893,46.23765424381638,Sales,0,1.0,red,26,2.6917880339838693
42,78486.20641331741,15.1292394823215,40.78338653496961,Engineering,0,1.0,blue,27,3.2942744512044624
41,66610.62093142091,11.506498675802248,46.324873353963675,Sales,0,1.0,blue,25,3.1624392584440684
95,85332.7328846664,11.0628621544036,42.687580855720036,Sales,0,1.0,green,26,4.301237151291159
31,101946.81619421969,8.65303040064777,41.23816658781613,Engineering,0,1.0,green,19,2.534090805824379
37,115529.39345222882,10.686630419779778,41.54534453384436,Engineering,0,1.0,green,16,1.6100510712969645
37,88173.14839766637,9.53412729201834,41.23842071004102,Sales,0,1.0,blue,9,2.032128109864101
50,87493.58813863005,9.9936403381544,47.34879307564644,Sales,0,1.0,red,20,3.188843979983522
34,59703.83806866137,12.239901360317486,41.827273601358726,HR,0,1.0,blue,0,1.4304592536699428
37,75452.9077703226,11.197671588777645,41.43540713492262,Sales,0,1.0,green,21,2.4555860149325275
41,84380.21043740449,15.39898890534269,42.27402151498588,Engineering,0,1.0,blue,27,3.0754163929741978
36,83155.30626247812,14.156006745414953,40.085329606150594,Finance,0,1.0,green,15,2.233407895356592
30,79824.53909436612,10.782232124379323,45.0942410685805,Sales,0,1.0,green,25,3.3268532477533337
36,73417.7342841,10.16636431651897,39.077838328613744,Finance,0,1.0,red,25,3.724411762348285
45,64606.354458348345,14.765283871328386,40.97198278585719,Sales,1,1.0,red,14,3.4549085999526743
24,107178.9087786639,15.320084978966966,43.65332061969359,Engineering,0,1.0,green,22,1.4524950399477723
36,56743.36515262972,7.611503512908936,42.10470426153487,Sales,0,1.0,green,16,3.0791821875696272
27,90145.84870549745,12.185715247943403,42.938430365000094,Finance,0,1.0,blue,25,3.1574423068387496
46,115599.97019886924,11.496243384206545,45.28632823337086,Sales,0,1.0,green,19,2.6190698817875075
19,76103.95196656327,13.298240280119874,43.68760309666496,Sales,0,1.0,blue,24,3.3133110128563716
29,59701.695903774074,15.885336248323007,42.15495269028229,Finance,0,1.0,green,12,3.277424575745607
38,78805.59455583154,11.031885961344404,46.2386852997036,Engineering,0,1.0,red,0,2.909124763137033
50,90150.20343699507,7.878602970672172,41.04332770240753,Engineering,0,1.0,red,24,1.9957283219866804
34,118849.25801420449,13.158015400298527,41.77938071801489,Sales,1,1.0,green,7,2.9733790476998676
29,75896.54049483896,14.779928137208405,41.81911933699447,Engineering,1,1.0,blue,4,4.866930927674413
39,104149.58298699588,11.05308381273528,42.15515646796604,Sales,0,1.0,blue,5,2.6076929709843073
20,74790.11826746124,10.589925039720677,39.56157868607768,Sales,0,1.0,blue,22,4.047305458176007
13,81787.21825317177,11.125481189244601,38.392700349679004,Engineering,0,1.0,green,19,3.038857020567621
39,130766.38240804293,13.70041073426247,42.91440314875839,Sales,1,1.0,green,29,2.1992710246636413
29,261493.2343522901,11.091078117430039,40.61305242889869,Finance,0,1.0,red,13,2.70340330178062
24,91778.65672447567,12.657520600685691,45.595617577962564,Finance,0,1.0,red,21,2.9831296262918987
42,93182.21507092114,12.05560583147988,41.99491535352952,Engineering,1,1.0,green,22,3.6552114662789053
37,101834.51719955361,11.849240775154469,41.53702148501702,HR,0,1.0,red,10,5.380045448819329
29,91677.50126257684,13.402584653504466,44.06867957280531,Engineering,0,1.0,blue,5,3.0546646060142737
22,87749.27869337637,11.04284020027161,42.54438527489545,Sales,0,1.0,blue,10,1.7691407687084433
43,77541.75212757946,11.138826879635442,41.8089651444259,Engineering,1,1.0,green,12,1.345422598721816
41,94822.52121867513,13.595205699999507,40.83853650447111,Sales,0,1.0,blue,11,2.578215430671734
34,74930.56392252693,10.026149351662696,49.295403607998146,Sales,0,1.0,green,21,1.871912100016713
53,90042.2572029068,10.239559618355345,43.08357152452348,HR,0,1.0,blue,1,3.5579062975392635
24,72893.95921128393,9.479371417312812,43.94885915476879,Engineering,0,1.0,green,20,3.5652557235064153
19,96750.57138819211,,39.63410895953301,HR,0,1.0,blue,2,2.854024567692313
28,84929.63598623773,11.789526063837465,40.70402922715265,Sales,0,1.0,blue,22,3.6573864378996044
34,95009.06288510811,9.372769707841867,46.204691776580574,Engineering,1,1.0,red,3,3.0647593477692023
37,90351.94552002712,13.707617124618137,44.83386187871127,Sales,0,1.0,red,16,4.867573795368356
32,56071.260007444165,10.888915676849129,42.85524420746656,Engineering,1,1.0,red,27,3.6261249463550334
38,99698.75403768856,10.256643842326229,41.29685821640596,Engineering,0,1.0,red,27,3.8956170761482696
22,71239.944133799,11.608642882246096,41.27192845608685,Engineering,0,1.0,red,21,1.5518725891797616
39,104149.58298699588,11.05308381273528,40.927778529487746,Sales,0,1.0,red,5,1.8287645527707617
34,74695.3074103682,11.210075607006859,39.666301339722715,Sales,0,1.0,green,6,3.478838426104473
46,110068.60458225576,13.15067772823117,44.06768836852203,Sales,0,1.0,green,14,1.45077649179367
38,58327.3669130253,13.454160040901908,43.13766244558412,Engineering,0,1.0,red,10,2.375524157124898
39,135725.86779293834,12.886546596012812,43.55215763268455,Finance,0,1.0,green,23,4.179412613088388
40,109467.28203403635,14.542143299348524,41.426204024075474,Sales,0,1.0,red,2,2.354144200294538
39,85105.88768414373,10.585767990735443,42.591277950266324,Engineering,1,1.0,green,29,1.7902672937128894
41,78916.58093245368,9.913330313899328,41.255912470051726,HR,0,1.0,blue,5,3.667543311305815
48,83905.5111867149,9.87406668795001,40.80538387445939,Engineering,0,1.0,green,25,5.073532246040845
36,92950.02593389132,11.711063169400413,45.35412487228435,Engineering,0,1.0,green,1,2.1913548431374616
42,89995.95384220767,10.105906684318942,42.38301459368149,HR,0,1.0,green,28,4.224025798142836
34,95219.3124612437,12.295081823730657,42.994908676573075,Sales,0,1.0,blue,13,2.066825033435462
49,87805.6407371781,12.153976839449786,43.951508027715,Sales,0,1.0,red,8,2.8875322188929866
28,89151.36351450635,14.037146606372081,42.12808177246605,Sales,0,1.0,green,17,2.9308670602988536
53,85477.76659461357,12.58228861647208,42.84126548805031,Finance,1,1.0,green,18,2.2180182599180336
34,80579.46465954109,11.167696288277103,39.806749646092584,Finance,0,1.0,blue,11,3.8753953115481385
20,105471.64667960205,12.821698408865366,39.90776994312683,Engineering,0,1.0,red,12,1.4602790894758948
36,88722.18671482528,9.939611960204118,40.12437048974311,Sales,0,1.0,green,25,3.195047610159079
28,41665.3263518899,11.923718623951366,43.07091683364107,Sales,0,1.0,blue,11,4.074164578192928
92,97754.9190495199,12.638802467191162,43.28178130564413,Sales,0,1.0,red,11,3.792163469244204
28,89696.94850968238,12.258635196300252,40.06793687246882,Sales,0,1.0,red,17,3.491215060785658
30,88209.75922292745,12.830130189871968,43.06019768327041,Engineering,1,1.0,green,8,4.585299393201337
16,76307.94710938996,10.711907968574417,42.70691292190821,Finance,0,1.0,green,16,2.7803826329193146
30,109773.8792166473,14.304062805619033,40.51006801740127,Finance,0,1.0,green,20,1.475273851383276
10,111145.91062821711,15.644337898791413,41.44434491074145,Engineering,1,1.0,green,15,3.1352068855719533
19,64790.7781134943,8.794647710282812,42.77428335012095,Sales,0,1.0,blue,16,2.8742376894453097
42,84812.19633114254,9.568804008091504,40.42328929176115,Sales,0,1.0,blue,20,0.8841794289601381
42,71683.64703002703,12.086166016048772,43.2724535297919,Sales,0,1.0,green,23,1.8748987394916126
39,63766.4216448488,11.486898038894251,42.68204720832712,Engineering,0,1.0,red,7,1.747373963683046
25,87977.71606578722,15.792824811545565,39.80160058899794,HR,0,1.0,green,10,2.1854670744871507
34,100254.60802628816,12.439568646848922,42.4195934699962,Sales,0,1.0,red,23,2.6488257359013074
39,104149.58298699588,11.05308381273528,42.711297173311806,Sales,0,1.0,red,1,2.687126038795608
23,81401.53798273779,7.9017522270928,40.5079977477224,Sales,0,1.0,red,7,2.2211952713966108
50,101761.45370271406,13.628338966664703,41.20543270026758,Sales,1,1.0,blue,11,1.7460614587663281
43,89449.57339117445,10.568966361483358,40.14316013813762,Sales,0,1.0,red,20,3.377451708759076
32,71988.52065393777,10.536914860760685,41.04200206175221,Sales,0,1.0,red,0,3.1165718612226807
35,90988.69001163637,11.503283947175753,41.975835979125705,Sales,0,1.0,blue,22,3.1466714986570414
37,89458.64104002868,9.150832720537815,40.95095568261136,HR,0,1.0,red,12,4.77901121933423
92,99971.08309913473,12.885571050643705,40.17022420351223,Engineering,0,1.0,red,21,3.162874053539786
32,104977.9903724204,12.381429933433589,40.562823950726745,Sales,0,1.0,green,20,2.6333422277195004
28,98221.71119713958,12.53238449637454,41.025415786375994,Sales,0,1.0,red,16,2.8941940075788284
24,96593.90924592118,13.774062044265811,43.4136774192645,Sales,0,1.0,red,13,3.098819221179584
32,111140.94585191133,15.029564092388307,43.12952982955386,Sales,0,1.0,red,13,3.615793348211364
52,83419.91481673882,11.272577901824906,44.01244215775001,Sales,0,1.0,red,15,2.9552795731573593
41,75635.98407000308,12.954701279472948,40.64196220600206,Engineering,0,1.0,red,16,1.0570790994842139
29,85311.92479085343,12.58597641666996,42.16310155815869,Engineering,0,1.0,blue,5,2.5632518767507735
40,77092.1473658769,12.755229012657878,37.253907001996936,Engineering,0,1.0,red,25,3.0014931753634535
